FECHA,TMAX-CAB,TMAX-HMO,TMAX-OBR,TMAX-LMO,TMAX-CUL,TMIN-CAB,TMIN-HMO,TMIN-OBR,TMIN-LMO,TMIN-CUL,PREC_HMO   (mm),PREC_OBR   (mm),PREC_LMO   (mm),PREC_CUL   (mm)
18/02/2019,17.00,20.00,22.00,24.00,29.00,0.00,7.00,9.00,7.00,9.00,0.00,0.00,0.00,0.00
19/02/2019,16.00,18.00,20.00,20.00,25.00,2.00,4.00,8.00,10.00,7.00,0.00,0.00,0.00,0.00
20/02/2019,18.00,20.00,22.00,21.00,25.00,10.00,3.00,4.00,9.00,10.00,0.00,0.00,0.00,0.00
21/02/2019,17.00,19.00,21.00,22.00,25.00,8.00,10.00,10.00,10.00,10.00,7.00,0.00,0.00,0.00
22/02/2019,15.00,13.00,19.00,23.00,26.00,3.00,2.00,5.00,10.00,9.00,8.00,5.00,0.00,0.00
23/02/2019,19.00,22.00,26.00,26.00,30.00,0.00,4.00,5.00,9.00,7.00,0.00,0.00,0.00,0.00
24/02/2019,21.00,23.00,27.00,27.00,31.00,3.00,4.00,5.00,9.00,8.00,0.00,0.00,0.00,0.00
25/02/2019,20.00,23.00,27.00,26.00,31.00,3.00,4.00,5.00,10.00,8.00,0.00,0.00,0.00,0.00
26/02/2019,24.00,26.00,29.00,30.00,33.00,5.00,6.00,6.00,9.00,10.00,0.00,0.00,0.00,0.00
27/02/2019,24.00,25.00,30.00,30.00,32.00,10.00,11.00,10.00,11.00,11.00,0.00,0.00,0.00,0.00
28/02/2019,28.00,31.00,32.00,30.00,34.00,12.00,11.00,12.00,12.00,12.00,0.00,0.00,0.00,0.00
01/03/2019,29.00,32.00,33.00,30.00,32.00,14.00,12.00,12.00,12.00,12.00,0.00,0.00,0.00,0.00
02/03/2019,27.00,31.00,31.00,31.00,33.00,13.00,12.00,13.00,14.00,13.00,0.00,0.00,0.00,0.00
03/03/2019,27.00,29.00,33.00,33.00,35.00,10.00,11.00,12.00,13.00,12.00,0.00,0.00,0.00,0.00
04/03/2019,27.00,30.00,32.00,31.00,33.00,11.00,13.00,12.00,11.00,12.00,0.00,0.00,0.00,0.00
05/03/2019,29.00,31.00,31.00,30.00,33.00,14.00,14.00,13.00,12.00,12.00,0.00,0.00,0.00,0.00
06/03/2019,31.00,33.00,32.00,30.00,33.00,16.00,15.00,14.00,13.00,12.00,0.00,0.00,0.00,0.00
07/03/2019,27.00,30.00,33.00,32.00,35.00,15.00,14.00,14.00,13.00,13.00,0.00,0.00,0.00,0.00
08/03/2019,22.00,24.00,27.00,30.00,34.00,8.00,8.00,11.00,14.00,13.00,0.00,0.00,0.00,0.00
09/03/2019,23.00,25.00,28.00,28.00,33.00,10.00,11.00,13.00,14.00,13.00,0.00,0.00,0.00,0.00
10/03/2019,21.00,21.00,25.00,28.00,33.00,8.00,10.00,13.00,15.00,15.00,0.00,0.00,0.00,0.00
11/03/2019,21.00,27.00,23.00,27.00,33.00,11.00,12.00,13.00,16.00,15.00,11.00,3.00,0.00,0.00
12/03/2019,17.00,18.00,20.00,20.00,27.00,12.00,9.00,11.00,10.00,10.00,11.00,10.00,6.00,0.00
13/03/2019,20.00,20.00,23.00,25.00,28.00,8.00,8.00,9.00,11.00,9.00,0.00,0.00,0.00,0.00
14/03/2019,20.00,23.00,27.00,27.00,31.00,9.00,6.00,8.00,13.00,11.00,0.00,0.00,0.00,0.00
15/03/2019,25.00,25.00,28.00,27.00,28.00,10.00,7.00,9.00,11.00,12.00,0.00,0.00,0.00,0.00
16/03/2019,24.00,27.00,28.00,27.00,28.00,9.00,9.00,9.00,13.00,15.00,0.00,0.00,0.00,0.00
17/03/2019,28.00,29.00,29.00,28.00,27.00,10.00,10.00,10.00,13.00,14.00,0.00,0.00,0.00,0.00
18/03/2019,29.00,30.00,30.00,29.00,31.00,11.00,11.00,9.00,11.00,12.00,0.00,0.00,0.00,0.00
19/03/2019,30.00,31.00,31.00,30.00,30.00,12.00,12.00,10.00,9.00,12.00,0.00,0.00,0.00,0.00
20/03/2019,29.00,31.00,31.00,31.00,31.00,11.00,12.00,11.00,11.00,11.00,0.00,0.00,0.00,0.00
21/03/2019,24.00,28.00,31.00,31.00,33.00,9.00,10.00,11.00,10.00,10.00,0.00,0.00,0.00,0.00
22/03/2019,25.00,28.00,29.00,29.00,32.00,8.00,10.00,11.00,13.00,11.00,0.00,0.00,0.00,0.00
23/03/2019,28.00,30.00,31.00,31.00,33.00,8.00,9.00,9.00,11.00,9.00,0.00,0.00,0.00,0.00
24/03/2019,30.00,31.00,33.00,32.00,36.00,11.00,12.00,11.00,13.00,11.00,0.00,0.00,0.00,0.00
25/03/2019,32.00,34.00,34.00,33.00,36.00,12.00,13.00,12.00,13.00,12.00,0.00,0.00,0.00,0.00
26/03/2019,32.00,33.00,35.00,33.00,36.00,14.00,13.00,12.00,12.00,13.00,0.00,0.00,0.00,0.00
27/03/2019,33.00,33.00,34.00,32.00,35.00,13.00,12.00,11.00,11.00,12.00,0.00,0.00,0.00,0.00
28/03/2019,30.00,33.00,33.00,34.00,35.00,10.00,12.00,12.00,13.00,11.00,0.00,0.00,0.00,0.00
29/03/2019,31.00,35.00,36.00,33.00,36.00,12.00,14.00,13.00,15.00,14.00,0.00,0.00,0.00,0.00
30/03/2019,30.00,33.00,34.00,32.00,34.00,11.00,12.00,11.00,14.00,14.00,0.00,0.00,0.00,0.00
31/03/2019,29.00,34.00,35.00,33.00,35.00,13.00,14.00,12.00,12.00,12.00,0.00,0.00,0.00,0.00
01/04/2019,32.00,34.00,34.00,31.00,32.00,12.00,14.00,13.00,13.00,13.00,0.00,0.00,0.00,0.00
02/04/2019,32.00,33.00,32.00,31.00,32.00,12.00,12.00,13.00,14.00,13.00,0.00,0.00,0.00,0.00
03/04/2019,28.00,31.00,32.00,30.00,34.00,13.00,13.00,12.00,13.00,13.00,0.00,0.00,0.00,0.00
04/04/2019,31.00,32.00,33.00,31.00,34.00,10.00,11.00,12.00,13.00,14.00,0.00,0.00,0.00,0.00
05/04/2019,26.00,28.00,30.00,30.00,34.00,12.00,12.00,13.00,14.00,12.00,0.00,0.00,0.00,0.00
06/04/2019,30.00,31.50,32.50,31.00,33.50,11.50,14.00,12.50,13.50,11.50,0.00,0.00,0.00,0.00
07/04/2019,34.00,35.00,35.00,32.00,33.00,11.00,16.00,12.00,13.00,11.00,0.00,0.00,0.00,0.00
08/04/2019,38.00,39.00,38.00,34.00,35.00,14.00,16.00,14.00,14.00,13.00,0.00,0.00,0.00,0.00
09/04/2019,38.00,38.00,39.00,35.00,35.00,16.00,16.00,15.00,14.00,14.00,0.00,0.00,0.00,0.00
10/04/2019,27.00,31.00,34.00,31.00,33.00,7.00,9.00,12.00,14.00,12.00,0.00,0.00,0.00,0.00
11/04/2019,27.00,29.00,31.00,30.00,34.00,15.00,14.00,14.00,15.00,14.00,0.00,0.00,0.00,0.00
12/04/2019,24.00,25.00,28.00,29.00,33.00,13.00,10.00,11.00,13.00,10.00,0.00,0.00,0.00,0.00
13/04/2019,28.00,29.00,30.00,28.00,30.00,10.00,12.00,11.00,13.00,12.00,0.00,0.00,0.00,0.00
14/04/2019,32.00,34.00,34.00,32.00,34.00,14.00,15.00,13.00,13.00,13.00,0.00,0.00,0.00,0.00
15/04/2019,31.00,32.00,31.00,28.00,31.00,13.00,14.00,16.00,16.00,14.00,0.00,0.00,0.00,0.00
16/04/2019,26.00,28.00,28.00,26.00,30.00,13.00,12.00,13.00,12.00,14.00,0.00,0.00,0.00,0.00
17/04/2019,27.00,29.00,30.00,29.00,33.00,11.00,14.00,13.00,14.00,12.00,0.00,0.00,0.00,0.00
18/04/2019,36.00,37.00,36.00,32.00,36.00,15.00,19.00,16.00,14.00,14.00,0.00,0.00,0.00,0.00
19/04/2019,39.00,40.00,39.00,37.00,35.00,15.00,18.00,14.00,14.00,13.00,0.00,0.00,0.00,0.00
20/04/2019,34.00,36.00,34.00,30.00,32.00,17.00,17.00,17.00,17.00,17.00,0.00,0.00,0.00,0.00
21/04/2019,31.00,33.00,32.00,30.00,32.00,14.00,15.00,17.00,17.00,14.00,0.00,0.00,0.00,0.00
22/04/2019,29.00,31.00,31.00,28.00,32.00,14.00,16.00,18.00,17.00,15.00,0.00,0.00,0.00,0.00
23/04/2019,31.00,30.00,30.00,30.00,32.00,10.00,11.00,12.00,13.00,15.00,0.00,0.00,0.00,0.00
24/04/2019,35.00,34.00,34.00,31.00,32.00,13.00,13.00,12.00,12.00,12.00,0.00,0.00,0.00,0.00
25/04/2019,38.00,38.00,38.00,34.00,35.00,16.00,15.00,14.00,14.00,12.00,0.00,0.00,0.00,0.00
26/04/2019,38.00,38.00,37.00,34.00,35.00,18.00,19.00,15.00,14.00,15.00,0.00,0.00,0.00,0.00
27/04/2019,36.00,36.00,35.00,32.00,34.00,16.00,16.00,15.00,15.00,14.00,0.00,0.00,0.00,0.00
28/04/2019,37.00,36.00,36.00,33.00,36.00,20.00,18.00,17.00,16.00,14.00,0.00,0.00,0.00,0.00
29/04/2019,28.00,32.00,32.00,32.00,35.00,12.00,12.00,16.00,16.00,14.00,0.00,0.00,0.00,0.00
30/04/2019,29.00,31.00,33.00,33.00,37.00,13.00,13.00,13.00,15.00,14.00,0.00,0.00,0.00,0.00
01/05/2019,31.00,34.00,35.00,34.00,38.00,13.00,14.00,14.00,17.00,14.00,0.00,0.00,0.00,0.00
02/05/2019,32.00,32.00,34.00,33.00,36.00,14.00,15.00,15.00,17.00,17.00,0.00,0.00,0.00,0.00
03/05/2019,,,,,,,,,,,,,,
04/05/2019,35.00,36.00,36.00,34.00,35.00,14.00,17.00,14.00,14.00,14.00,0.00,0.00,0.00,0.00
05/05/2019,35.00,35.00,35.00,32.00,34.00,15.00,15.00,14.00,15.00,14.00,0.00,0.00,0.00,0.00
06/05/2019,,,,,,,,,,,,,,
07/05/2019,28.00,29.00,32.00,32.00,35.00,12.00,13.00,13.00,15.00,14.00,0.00,0.00,0.00,0.00
08/05/2019,31.00,32.00,32.00,31.00,34.00,13.00,14.00,13.00,15.00,16.00,0.00,0.00,0.00,0.00
09/05/2019,31.00,31.00,33.00,31.00,34.00,14.00,15.00,16.00,16.00,14.00,0.00,0.00,0.00,0.00
10/05/2019,26.00,26.00,29.00,29.00,34.00,12.00,12.00,15.00,15.00,15.00,0.00,0.00,0.00,0.00
11/05/2019,28.00,29.00,31.00,29.00,35.00,13.00,13.00,15.00,17.00,15.00,0.00,0.00,0.00,0.00
12/05/2019,28.00,27.00,30.00,30.00,34.00,14.00,13.00,14.00,15.00,14.00,0.00,0.00,0.00,0.00
13/05/2019,33.00,33.00,33.00,31.00,34.00,16.00,17.00,14.00,16.00,14.00,0.00,0.00,0.00,0.00
14/05/2019,32.00,32.00,33.00,31.00,33.00,16.00,16.00,15.00,15.00,14.00,0.00,0.00,0.00,0.00
15/05/2019,37.00,37.00,35.00,33.00,36.00,16.00,15.00,15.00,15.00,15.00,0.00,0.00,0.00,0.00
16/05/2019,33.00,35.00,35.00,33.00,35.00,14.00,15.00,16.00,16.00,15.00,0.00,0.00,0.00,0.00
17/05/2019,28.00,31.00,33.00,31.00,34.00,11.00,12.00,13.00,16.00,14.00,0.00,0.00,0.00,0.00
18/05/2019,31.00,32.00,33.00,31.00,34.00,11.00,14.00,16.00,16.00,20.00,0.00,0.00,0.00,0.00
19/05/2019,30.00,33.00,35.00,33.00,36.00,13.00,14.00,15.00,15.00,15.00,0.00,0.00,0.00,0.00
20/05/2019,24.00,28.00,31.00,32.00,36.00,10.00,11.00,13.00,16.00,15.00,0.00,0.00,0.00,0.00
21/05/2019,30.00,31.00,32.00,32.00,36.00,13.00,12.00,13.00,15.00,14.00,0.00,0.00,0.00,0.00
22/05/2019,25.00,29.00,31.00,29.00,34.00,11.00,11.00,15.00,18.00,15.00,0.00,0.00,0.00,0.00
23/05/2019,28.00,30.00,32.00,32.00,35.00,11.00,12.00,13.00,16.00,16.00,0.00,0.00,0.00,0.00
24/05/2019,32.00,33.00,35.00,34.00,38.00,12.00,14.00,14.00,18.00,17.00,0.00,0.00,0.00,0.00
25/05/2019,32.00,34.00,35.00,34.00,35.00,12.00,16.00,15.00,17.00,18.00,0.00,0.00,0.00,0.00
26/05/2019,27.00,31.00,33.00,33.00,36.00,11.00,13.00,17.00,18.00,17.00,0.00,0.00,0.00,0.00
27/05/2019,28.00,31.00,34.00,34.00,36.00,12.00,13.00,13.00,17.00,17.00,0.00,0.00,0.00,0.00
28/05/2019,31.00,32.00,34.00,32.00,35.00,11.00,13.00,14.00,15.00,18.00,0.00,0.00,0.00,0.00
29/05/2019,33.00,34.00,34.00,32.00,34.00,13.00,15.00,16.00,16.00,19.00,0.00,0.00,0.00,0.00
30/05/2019,35.00,35.00,36.00,33.00,35.00,15.00,15.00,14.00,16.00,18.00,0.00,0.00,0.00,0.00
31/05/2019,37.00,37.00,36.00,33.00,34.00,16.00,16.00,16.00,18.00,19.00,0.00,0.00,0.00,0.00
01/06/2019,36.00,36.00,35.00,32.00,32.00,17.00,17.00,19.00,20.00,21.00,0.00,0.00,0.00,0.00
02/06/2019,35.00,35.00,35.00,32.00,34.00,15.00,16.00,18.00,20.00,22.00,0.00,0.00,0.00,0.00
03/06/2019,35.00,35.00,36.00,33.00,35.00,15.00,15.00,17.00,19.00,22.00,0.00,0.00,0.00,0.00
04/06/2019,35.00,35.00,35.00,33.00,33.00,17.00,16.00,18.00,21.00,21.00,0.00,0.00,0.00,0.00
05/06/2019,37.00,36.00,34.00,30.00,32.00,20.00,19.00,19.00,20.00,20.00,0.00,0.00,0.00,0.00
06/06/2019,38.00,36.00,34.00,31.00,34.00,21.00,22.00,22.00,19.00,22.00,0.00,0.00,0.00,0.00
07/06/2019,37.00,37.00,37.00,33.00,36.00,20.00,20.00,19.00,20.00,22.00,0.00,0.00,0.00,0.00
08/06/2019,39.00,39.00,38.00,34.00,34.00,20.00,21.00,20.00,21.00,22.00,0.00,0.00,0.00,1.00
09/06/2019,40.00,41.00,39.00,35.00,37.00,23.00,25.00,23.00,23.00,23.00,0.00,0.00,0.00,1.00
10/06/2019,42.00,42.00,40.00,36.00,38.00,26.00,26.00,24.00,24.00,24.00,0.00,0.00,0.00,0.00
11/06/2019,43.00,43.00,43.00,36.00,37.00,25.00,27.00,24.00,23.00,24.00,0.00,0.00,0.00,0.00
12/06/2019,44.00,45.00,42.00,37.00,38.00,25.00,26.00,25.00,24.00,24.00,0.00,0.00,0.00,0.00
13/06/2019,43.00,43.00,39.00,36.00,37.00,22.00,23.00,25.00,24.00,23.00,0.00,0.00,0.00,0.00
14/06/2019,40.00,39.00,37.00,34.00,36.00,20.00,21.00,24.00,23.00,23.00,0.00,0.00,0.00,0.00
15/06/2019,39.00,39.00,36.00,34.00,34.00,19.00,23.00,23.00,23.00,23.00,0.00,0.00,0.00,0.00
16/06/2019,40.00,39.00,38.00,35.00,35.00,19.00,20.00,22.00,22.00,31.00,0.00,0.00,0.00,0.00
17/06/2019,39.00,39.00,38.00,35.00,35.00,21.00,20.00,23.00,22.00,21.00,0.00,0.00,0.00,0.00
18/06/2019,39.00,39.00,38.00,36.00,35.00,21.00,20.00,22.00,22.00,22.00,0.00,0.00,0.00,0.00
19/06/2019,39.44,39.44,39.44,36.67,36.67,18.33,20.56,21.11,21.67,20.56,0.00,0.00,0.00,0.00
20/06/2019,39.44,39.44,40.56,38.33,37.78,18.89,18.89,19.44,20.56,21.11,0.00,0.00,0.00,0.00
21/06/2019,37.00,38.00,40.00,38.00,39.00,19.00,21.00,22.00,21.00,22.00,0.00,0.00,0.00,0.00
22/06/2019,,,,,,,,,,,,,,
23/06/2019,37.00,37.00,38.00,36.00,38.00,18.00,19.00,18.00,20.00,20.00,0.00,0.00,0.00,0.00
24/06/2019,39.00,40.00,40.00,36.00,38.00,19.00,19.00,19.00,21.00,22.00,0.00,0.00,0.00,0.00
25/06/2019,40.00,39.00,39.00,36.00,37.00,20.00,21.00,21.00,22.00,23.00,0.00,0.00,0.00,0.00
26/06/2019,39.00,39.00,40.00,37.00,38.00,20.00,22.00,23.00,23.00,23.00,0.00,0.00,0.00,0.00
27/06/2019,41.00,41.00,41.00,38.00,39.00,22.00,24.00,24.00,24.00,25.00,0.00,0.00,0.00,0.00
28/06/2019,42.00,44.00,43.00,39.00,40.00,25.00,26.00,24.00,25.00,26.00,0.00,0.00,0.00,0.00
29/06/2019,44.00,45.00,43.00,39.00,37.00,24.00,27.00,24.00,26.00,25.00,0.00,0.00,0.00,0.00
30/06/2019,44.00,43.00,40.00,37.00,37.00,25.00,25.00,25.00,26.00,25.00,0.00,0.00,0.00,0.00
01/07/2019,42.00,41.00,38.00,36.00,35.00,26.00,26.00,26.00,26.00,25.00,0.00,0.00,0.00,0.00
02/07/2019,42.00,40.00,38.00,35.00,35.00,26.00,26.00,26.00,25.00,24.00,0.00,0.00,0.00,0.00
03/07/2019,41.00,40.00,38.00,35.00,35.00,24.00,27.00,26.00,26.00,25.00,0.00,0.00,0.00,0.00
04/07/2019,41.00,40.00,38.00,36.00,37.00,23.00,25.00,26.00,25.00,24.00,0.00,0.00,0.00,0.00
05/07/2019,41.00,39.00,39.00,37.00,38.00,23.00,26.00,26.00,25.00,23.00,0.00,0.00,0.00,0.00
06/07/2019,,,,,,,,,,,,,,
07/07/2019,41.00,41.00,42.00,39.00,38.00,21.00,22.00,24.00,25.00,26.00,0.00,0.00,0.00,0.00
08/07/2019,39.00,40.00,42.00,39.00,38.00,22.00,24.00,25.00,25.00,25.00,0.00,0.00,0.00,0.00
09/07/2019,40.00,41.00,42.00,40.00,38.00,24.00,26.00,26.00,25.00,26.00,0.00,0.00,0.00,0.00
10/07/2019,,,,,,,,,,,,,,
11/07/2019,42.00,44.00,43.00,37.00,36.00,27.00,28.00,27.00,27.00,26.00,0.00,0.00,0.00,0.00
12/07/2019,44.00,43.00,41.00,37.00,36.00,27.00,27.00,27.00,27.00,26.00,0.00,0.00,0.00,0.00
13/07/2019,41.00,40.00,39.00,36.00,36.00,28.00,27.00,27.00,27.00,26.00,0.00,0.00,0.00,0.00
14/07/2019,42.00,41.00,41.00,37.00,36.00,28.00,28.00,27.00,27.00,26.00,0.00,0.00,0.00,0.00
15/07/2019,44.00,43.00,42.00,38.00,37.00,28.00,27.00,28.00,27.00,27.00,0.00,0.00,0.00,0.00
16/07/2019,44.00,41.00,38.00,36.00,34.00,28.00,27.00,28.00,28.00,25.00,0.00,0.00,0.00,1.08
17/07/2019,40.00,39.00,37.00,36.00,36.00,28.00,28.00,28.00,27.00,26.00,0.00,0.00,0.00,0.00
18/07/2019,41.00,39.00,38.00,39.00,37.00,27.00,27.00,27.00,26.00,25.00,0.00,0.00,0.00,0.00
19/07/2019,41.00,39.00,38.00,36.00,35.00,26.00,27.00,27.00,27.00,26.00,0.00,2.15,0.00,3.52
20/07/2019,41.00,38.00,36.00,35.00,35.00,27.00,27.00,27.00,27.00,25.00,0.00,0.00,0.00,1.04
21/07/2019,40.00,37.00,36.00,35.00,35.00,28.00,26.00,26.00,26.00,25.00,0.90,1.92,0.00,0.60
22/07/2019,39.00,39.00,37.00,35.00,35.00,28.00,26.00,26.00,26.00,26.00,0.00,2.35,0.00,0.00
23/07/2019,39.00,39.00,37.00,34.00,34.00,27.00,26.00,26.00,26.00,25.00,0.00,1.00,0.00,10.00
24/07/2019,39.00,39.00,38.00,36.00,36.00,28.00,27.00,27.00,27.00,25.00,0.00,0.00,0.00,2.50
25/07/2019,40.00,39.00,39.00,36.00,36.00,28.00,28.00,27.00,27.00,26.00,0.00,0.00,0.00,0.00
26/07/2019,41.00,40.00,39.00,36.00,36.00,27.00,28.00,27.00,26.00,26.00,0.00,0.00,0.00,0.00
27/07/2019,42.00,41.00,39.00,36.00,35.00,28.00,28.00,28.00,27.00,25.00,0.00,0.00,0.00,0.00
28/07/2019,42.00,39.00,39.00,37.00,36.00,28.00,27.00,27.00,26.00,25.00,0.00,0.79,0.00,0.00
29/07/2019,40.00,38.00,37.00,36.00,36.00,29.00,27.00,28.00,27.00,25.00,3.69,10.47,1.50,0.00
30/07/2019,37.00,36.00,36.00,35.00,35.00,28.00,26.00,27.00,26.00,26.00,5.08,0.00,0.00,0.00
31/07/2019,38.00,38.00,38.00,37.00,36.00,26.00,26.00,27.00,27.00,26.00,0.00,0.00,0.00,0.00
01/08/2019,40.00,41.00,40.00,37.00,36.00,27.00,27.00,28.00,27.00,25.00,0.00,0.00,0.00,0.00
02/08/2019,42.00,42.00,41.00,38.00,37.00,27.00,28.00,28.00,27.00,26.00,0.00,0.00,0.00,0.00
03/08/2019,43.00,43.00,42.00,38.00,37.00,28.00,28.00,27.00,27.00,27.00,0.00,0.00,0.00,0.00
04/08/2019,44.00,43.00,41.00,38.00,37.00,29.00,29.00,28.00,27.00,26.00,0.00,0.00,0.00,5.22
05/08/2019,43.00,41.00,40.00,36.00,35.00,29.00,28.00,28.00,28.00,26.00,0.00,0.00,0.00,1.00
06/08/2019,40.00,39.00,37.00,36.00,34.00,28.00,28.00,28.00,27.00,26.00,0.00,0.00,0.00,1.50
07/08/2019,39.00,38.00,37.00,35.00,35.00,27.00,27.00,27.00,27.00,25.00,0.00,0.00,0.00,2.00
08/08/2019,40.00,39.00,37.00,34.00,33.00,28.00,27.00,26.00,26.00,24.00,0.00,3.00,2.00,4.00
09/08/2019,37.00,34.00,35.00,34.00,34.00,27.00,25.00,25.00,25.00,24.00,11.00,5.00,0.00,3.00
10/08/2019,36.00,33.00,36.00,36.00,37.00,26.00,25.00,26.00,28.00,25.00,0.00,0.00,0.00,0.00
11/08/2019,39.00,38.00,38.00,36.00,36.00,26.00,26.00,26.00,26.00,25.00,0.00,0.00,0.00,0.00
12/08/2019,41.00,40.00,39.00,37.00,36.00,26.00,26.00,27.00,27.00,26.00,0.00,0.00,0.00,0.00
13/08/2019,42.00,42.00,41.00,38.00,36.00,27.00,28.00,28.00,28.00,26.00,0.00,0.00,0.00,0.00
14/08/2019,45.00,44.00,42.00,38.00,37.00,27.00,29.00,28.00,27.00,27.00,0.00,0.00,0.00,0.00
15/08/2019,44.00,42.00,39.00,37.00,36.00,27.00,28.00,28.00,27.00,25.00,0.00,0.00,0.00,4.00
16/08/2019,43.00,40.00,38.00,36.00,35.00,28.00,27.00,27.00,27.00,25.00,0.00,0.00,0.00,1.00
17/08/2019,41.00,38.00,37.00,36.00,37.00,27.00,27.00,27.00,26.00,25.00,0.00,0.00,0.00,0.00
18/08/2019,41.00,39.00,39.00,37.00,36.00,26.00,27.00,26.00,26.00,26.00,0.00,0.00,0.00,0.00
19/08/2019,42.00,41.00,41.00,39.00,38.00,27.00,27.00,27.00,27.00,26.00,0.00,0.00,0.00,0.00
20/08/2019,45.00,44.00,43.00,39.00,38.00,26.00,28.00,28.00,28.00,26.00,0.00,0.00,0.00,5.61
21/08/2019,44.00,41.00,38.00,35.00,34.00,26.00,28.00,28.00,28.00,27.00,0.00,1.02,2.20,13.25
22/08/2019,41.00,36.00,34.00,33.00,32.00,28.00,27.00,27.00,26.00,25.00,0.00,8.26,24.73,12.62
23/08/2019,36.00,31.00,30.00,28.00,31.00,26.00,24.00,24.00,24.00,24.00,2.50,11.00,25.00,6.00
24/08/2019,36.00,31.00,32.00,33.00,35.00,26.00,24.00,23.00,24.00,23.00,0.00,1.60,0.00,0.00
25/08/2019,38.00,37.00,37.00,35.00,38.00,26.00,25.00,26.00,27.00,25.00,0.00,0.00,0.00,0.00
26/08/2019,40.00,39.00,39.00,36.00,37.00,26.00,26.00,26.00,26.00,25.00,0.00,0.00,0.00,2.00
27/08/2019,42.00,40.00,39.00,35.00,33.00,27.00,26.00,26.00,25.00,24.00,0.00,0.00,8.00,9.20
28/08/2019,40.00,37.00,34.00,33.00,34.00,27.00,26.00,26.00,25.00,24.00,0.00,0.00,0.00,0.00
29/08/2019,39.00,39.00,38.00,36.00,36.00,27.00,27.00,27.00,27.00,25.00,0.00,0.00,0.00,0.00
30/08/2019,41.00,40.00,39.00,36.00,35.00,27.00,26.00,26.00,26.00,24.00,0.00,1.10,1.02,5.72
31/08/2019,40.00,38.00,36.00,34.00,34.00,27.00,26.00,26.00,25.00,24.00,2.92,1.11,1.89,5.99
01/09/2019,39.00,37.00,36.00,34.00,34.00,26.00,25.00,26.00,25.00,24.00,0.00,0.00,1.10,6.76
02/09/2019,40.00,39.00,38.00,35.00,35.00,26.00,26.00,25.00,24.00,23.00,0.00,0.00,0.00,7.23
03/09/2019,41.00,40.00,38.00,35.00,36.00,26.00,26.00,26.00,26.00,24.00,0.00,0.00,0.00,0.00
04/09/2019,41.00,40.00,39.00,37.00,36.00,27.00,26.00,26.00,26.00,25.00,0.00,0.00,0.00,1.50
05/09/2019,40.00,39.00,37.00,33.00,31.00,27.00,27.00,26.00,26.00,24.00,0.00,0.70,4.49,9.86
06/09/2019,40.00,38.00,35.00,33.00,35.00,26.00,25.00,25.00,25.00,24.00,0.00,15.60,2.40,5.10
07/09/2019,39.00,36.00,35.00,34.00,34.00,26.00,24.00,24.00,25.00,24.00,7.60,19.50,1.60,5.40
08/09/2019,37.00,33.00,30.00,31.00,33.00,25.00,24.00,24.00,24.00,24.00,0.00,3.68,45.00,1.84
09/09/2019,36.00,32.00,31.00,31.00,33.00,25.00,24.00,24.00,24.00,23.00,2.73,0.78,16.18,0.00
10/09/2019,33.00,32.00,32.00,33.00,35.00,23.00,23.00,23.00,23.00,23.00,2.89,2.71,0.00,0.00
11/09/2019,35.00,34.00,35.00,35.00,36.00,22.00,23.00,24.00,25.00,24.00,0.00,0.00,0.00,0.00
12/09/2019,,,,,,,,,,,,,,
13/09/2019,,,,,,,,,,,,,,
14/09/2019,,,,,,,,,,,,,,
15/09/2019,36.00,35.00,36.00,34.00,34.00,25.00,24.00,25.00,25.00,24.00,0.00,0.00,1.00,0.80
16/09/2019,37.00,36.00,36.00,35.00,35.00,25.00,24.00,25.00,25.00,24.00,0.00,0.00,0.00,0.00
17/09/2019,38.00,37.00,37.00,36.00,36.00,24.00,24.00,25.00,25.00,24.00,0.00,0.00,0.00,0.00
18/09/2019,39.00,38.00,38.00,36.00,35.00,23.00,24.00,25.00,25.00,25.00,0.00,0.00,0.00,0.00
19/09/2019,38.00,38.00,37.00,35.00,33.00,23.00,24.00,25.00,25.00,24.00,0.00,0.00,0.54,5.90
20/09/2019,36.00,36.00,35.00,34.00,33.00,21.00,24.00,26.00,25.00,24.00,0.00,0.00,0.00,0.00
21/09/2019,35.00,32.00,34.00,33.00,34.00,22.00,24.00,26.00,26.00,24.00,3.18,7.80,3.92,2.09
22/09/2019,34.00,32.00,34.00,33.00,34.00,24.00,24.00,25.00,25.00,24.00,75.00,75.00,0.00,0.00
23/09/2019,34.00,34.00,36.00,34.00,35.00,23.00,24.00,24.00,25.00,24.00,1.50,0.00,0.00,1.00
24/09/2019,28.00,30.00,35.00,34.00,34.00,20.00,22.00,24.00,24.00,23.00,10.00,0.00,0.00,11.00
25/09/2019,28.00,29.00,33.00,33.00,33.00,20.00,21.00,22.00,24.00,23.00,13.00,0.50,0.00,1.00
26/09/2019,28.00,31.00,35.00,35.00,34.00,18.00,18.00,21.00,25.00,23.00,0.00,0.00,0.00,0.00
27/09/2019,29.00,31.00,34.00,33.00,35.00,18.00,18.00,20.00,22.00,22.00,0.00,0.00,0.00,0.00
28/09/2019,33.00,33.00,36.00,35.00,36.00,18.00,18.00,20.00,22.00,22.00,0.00,0.00,0.00,0.00
29/09/2019,33.00,35.00,37.00,36.00,36.00,18.00,19.00,19.00,21.00,23.00,0.00,0.00,0.00,4.72
30/09/2019,33.00,35.00,38.00,35.00,33.00,16.00,18.00,21.00,24.00,24.00,0.00,1.56,9.82,19.43
01/10/2019,33.00,31.00,30.00,31.00,32.00,18.00,21.00,22.00,23.00,23.00,1.50,1.80,1.00,0.00
02/10/2019,34.00,33.00,34.00,33.00,33.00,21.00,21.00,22.00,23.00,23.00,0.00,0.00,0.00,0.00
03/10/2019,34.00,35.00,36.00,34.00,34.00,22.00,22.00,23.00,24.00,23.00,0.00,0.00,0.00,0.00
04/10/2019,35.00,35.00,36.00,34.00,34.00,21.00,23.00,24.00,24.00,23.00,0.00,0.00,0.00,0.00
05/10/2019,36.00,36.00,37.00,35.00,35.00,20.00,22.00,24.00,24.00,24.00,0.00,0.00,0.00,0.00
06/10/2019,37.00,38.00,39.00,36.00,36.00,19.00,22.00,24.00,25.00,24.00,0.00,0.00,0.00,0.00
07/10/2019,38.00,40.00,41.00,38.00,38.00,20.00,23.00,25.00,25.00,25.00,0.00,0.00,0.00,0.00
08/10/2019,36.00,38.00,39.00,37.00,37.50,17.00,20.00,23.00,27.00,24.00,0.00,0.00,0.00,0.00
09/10/2019,36.00,36.00,37.00,36.00,37.00,17.00,20.00,23.00,24.00,25.00,0.00,0.00,0.00,0.00
10/10/2019,33.00,34.00,36.00,35.00,36.00,14.00,16.00,23.00,25.00,25.00,0.00,0.00,0.00,0.00
11/10/2019,32.00,35.00,36.00,36.00,36.00,14.00,15.00,18.00,22.00,24.00,0.00,0.00,0.00,0.00
12/10/2019,,,,,,,,,,,,,,
13/10/2019,34.00,33.00,29.00,28.00,33.00,15.00,16.00,23.00,23.00,24.00,4.28,23.36,14.49,0.00
14/10/2019,32.00,27.00,28.00,33.00,35.00,19.00,21.00,22.00,24.00,24.00,10.74,25.01,1.59,0.00
15/10/2019,34.00,32.00,33.00,34.00,36.00,20.00,22.00,23.00,24.00,23.00,0.00,0.00,0.00,0.00
16/10/2019,37.00,36.00,36.00,35.00,36.00,17.00,21.00,23.00,25.00,23.00,0.00,0.00,0.00,0.00
17/10/2019,35.00,35.00,35.00,35.00,35.00,18.00,20.00,22.00,24.00,24.00,0.00,0.00,0.00,0.00
18/10/2019,31.00,31.00,32.00,32.00,33.00,16.00,19.00,22.00,24.00,24.00,0.00,0.00,0.00,0.00
19/10/2019,32.00,32.00,32.00,32.00,34.00,16.00,16.00,19.00,21.00,22.00,0.00,0.00,0.00,0.00
20/10/2019,34.00,34.00,35.00,34.00,34.00,13.00,15.00,18.00,20.00,21.00,0.00,0.00,0.00,0.00
21/10/2019,34.00,35.00,35.00,34.00,34.00,13.00,15.00,17.00,20.00,21.00,0.00,0.00,0.00,0.00
22/10/2019,35.00,36.00,36.00,35.00,36.00,14.00,15.00,17.00,19.00,21.00,0.00,0.00,0.00,0.00
23/10/2019,35.00,35.00,36.00,35.00,35.00,13.00,14.00,16.00,19.00,21.00,0.00,0.00,0.00,0.00
24/10/2019,35.00,35.00,36.00,35.00,36.00,16.00,18.00,17.00,19.00,20.00,0.00,0.00,0.00,0.00
25/10/2019,33.00,33.00,36.00,35.00,35.00,12.00,14.00,16.00,19.00,20.00,0.00,0.00,0.00,0.00
26/10/2019,32.00,33.00,34.00,34.00,34.00,14.00,13.00,16.00,19.00,21.00,0.00,0.00,0.00,0.00
27/10/2019,32.00,33.00,33.00,33.00,34.00,15.00,14.00,17.00,18.00,19.00,0.00,0.00,0.00,0.00
28/10/2019,27.00,29.00,32.00,32.00,34.00,6.00,10.00,14.00,17.00,16.00,0.00,0.00,0.00,0.00
29/10/2019,27.00,29.00,32.00,32.00,34.00,9.00,11.00,15.00,18.00,17.00,0.00,0.00,0.00,0.00
30/10/2019,27.00,30.00,32.00,32.00,32.00,7.00,13.00,16.00,18.00,17.00,0.00,0.00,0.00,0.00
31/10/2019,29.00,32.00,34.00,33.00,35.00,9.00,11.00,15.00,19.00,19.00,0.00,0.00,0.00,0.00
01/11/2019,30.00,33.00,34.00,33.00,34.00,12.00,15.00,17.00,21.00,20.00,0.00,0.00,0.00,0.00
02/11/2019,30.00,32.00,32.00,33.00,36.00,12.00,16.00,18.00,21.00,21.00,0.00,0.00,0.00,0.00
03/11/2019,31.00,32.00,34.00,34.00,36.00,14.00,17.00,18.00,20.00,21.00,0.00,0.00,0.00,0.00
04/11/2019,31.00,32.00,34.00,34.00,36.00,15.00,16.00,19.00,22.00,21.00,0.00,0.00,0.00,0.00
05/11/2019,32.00,34.00,35.00,34.00,37.00,16.00,18.00,19.00,22.00,22.00,0.00,0.00,0.00,0.00
06/11/2019,31.00,32.00,33.00,35.00,35.00,14.00,18.00,21.00,23.00,23.00,0.00,0.00,0.00,0.00
07/11/2019,31.00,31.00,32.00,33.00,35.00,16.00,20.00,23.00,24.00,22.00,0.00,0.00,0.00,0.00
08/11/2019,,,,,,,,,,,,,,
09/11/2019,32.00,34.00,36.00,35.00,37.00,17.00,19.00,20.00,21.00,21.00,0.00,0.00,0.00,0.00
10/11/2019,30.00,31.00,33.00,34.00,36.00,16.00,18.00,21.00,21.00,23.00,0.00,0.00,2.17,0.00
11/11/2019,29.00,27.00,29.00,29.00,31.00,16.00,16.00,17.00,19.00,20.00,0.00,0.00,0.40,0.94
12/11/2019,30.00,31.00,30.00,29.00,30.00,12.00,14.00,16.00,17.00,16.00,0.00,0.00,0.00,0.00
13/11/2019,29.00,30.00,30.00,29.00,29.00,12.00,14.00,16.00,17.00,15.00,0.00,0.00,0.00,0.00
14/11/2019,31.00,31.00,32.00,31.00,32.00,13.00,14.00,15.00,17.00,16.00,0.00,0.00,0.00,0.00
15/11/2019,,,,,,,,,,,,,,
16/11/2019,,,,,,,,,,,,,,
17/11/2019,33.00,31.00,27.00,28.00,28.00,13.00,16.00,19.00,20.00,20.00,0.00,3.18,4.18,7.83
18/11/2019,,,,,,,,,,,,,,
19/11/2019,,,,,,,,,,,,,,
20/11/2019,,,,,,,,,,,,,,
21/11/2019,,,,,,,,,,,,,,
22/11/2019,,,,,,,,,,,,,,
23/11/2019,,,,,,,,,,,,,,
24/11/2019,,,,,,,,,,,,,,
25/11/2019,,,,,,,,,,,,,,
26/11/2019,,,,,,,,,,,,,,
27/11/2019,,,,,,,,,,,,,,
28/11/2019,,,,,,,,,,,,,,
29/11/2019,,,,,,,,,,,,,,
30/11/2019,,,,,,,,,,,,,,
01/12/2019,,,,,,,,,,,,,,
02/12/2019,,,,,,,,,,,,,,
03/12/2019,24.00,23.00,26.00,28.00,30.00,11.00,12.00,14.00,16.00,14.00,0.00,0.00,0.00,0.00
04/12/2019,,,,,,,,,,,,,,
05/12/2019,,,,,,,,,,,,,,
06/12/2019,,,,,,,,,,,,,,
07/12/2019,,,,,,,,,,,,,,
08/12/2019,23.00,27.00,29.00,29.00,30.00,13.00,14.00,15.00,15.00,18.00,1.70,0.00,0.00,0.00
09/12/2019,18.00,20.00,22.00,28.00,31.00,15.00,17.00,15.00,15.00,17.00,1.05,0.00,0.00,0.00
10/12/2019,22.00,23.00,25.00,25.00,28.00,8.00,11.00,11.00,13.00,14.00,0.00,0.00,0.00,0.00
11/12/2019,23.00,25.00,29.00,30.00,31.00,7.00,9.00,11.00,13.00,14.00,0.00,0.00,0.00,0.00
12/12/2019,,,,,,,,,,,,,,
13/12/2019,25.00,26.00,29.00,29.00,32.00,9.00,10.00,11.00,13.00,13.00,0.00,0.00,0.00,0.00
14/12/2019,27.00,28.00,30.00,30.00,32.00,9.00,10.00,12.00,13.00,14.00,0.00,0.00,0.00,0.00
15/12/2019,23.00,25.00,28.00,28.00,29.00,5.00,8.00,14.00,14.00,14.00,0.00,0.00,0.00,0.00
16/12/2019,,,,,,,,,,,,,,
17/12/2019,,,,,,,,,,,,,,
18/12/2019,,,,,,,,,,,,,,
19/12/2019,,,,,,,,,,,,,,
20/12/2019,,,,,,,,,,,,,,
21/12/2019,,,,,,,,,,,,,,
22/12/2019,27.00,27.00,29.00,30.00,33.00,12.00,11.00,11.00,11.00,14.00,0.00,0.00,0.00,0.00
23/12/2019,24.00,25.00,29.00,29.00,32.00,13.00,14.00,16.00,13.00,13.00,0.00,0.00,0.00,0.00
24/12/2019,18.00,20.00,20.00,25.00,28.00,10.00,11.00,12.00,13.00,13.00,22.92,5.14,0.00,0.00
25/12/2019,17.00,19.00,22.00,24.00,29.00,5.00,5.00,8.00,11.00,12.00,0.00,0.00,0.00,0.00
26/12/2019,18.00,20.00,23.00,25.00,28.00,9.00,10.00,10.00,10.00,12.00,5.29,0.00,0.00,0.00
27/12/2019,13.00,17.00,19.00,23.00,26.00,4.00,4.00,6.00,12.00,13.00,1.03,2.31,0.00,0.00
28/12/2019,,,,,,,,,,,,,,
29/12/2019,,,,,,,,,,,,,,
30/12/2019,,,,,,,,,,,,,,
31/12/2019,,,,,,,,,,,,,,
01/01/2020,,,,,,,,,,,,,,
02/01/2020,19.00,20.00,22.00,22.00,22.00,5.00,8.00,11.00,9.00,10.00,0.00,0.00,0.00,0.00
03/01/2020,21.00,22.00,24.00,24.00,25.00,4.00,6.00,6.00,8.00,9.00,0.00,0.00,0.00,0.00
04/01/2020,23.00,25.00,26.00,27.00,30.00,5.00,7.00,7.00,9.00,9.00,0.00,0.00,0.00,0.00
05/01/2020,24.00,27.00,28.00,28.00,31.00,4.00,7.00,8.00,11.00,11.00,0.00,0.00,0.00,0.00
06/01/2020,25.00,26.00,27.00,25.00,29.00,5.00,9.00,8.00,11.00,10.00,0.00,0.00,0.00,0.00
07/01/2020,25.00,27.00,28.00,28.00,32.00,6.00,8.00,9.00,10.00,11.00,0.00,0.00,0.00,0.00
08/01/2020,23.00,24.00,26.00,28.00,30.00,6.00,5.00,10.00,12.00,13.00,0.00,0.00,0.00,0.00
09/01/2020,,,,,,,,,,,,,,
10/01/2020,,,,,,,,,,,,,,
11/01/2020,,,,,,,,,,,,,,
12/01/2020,,,,,,,,,,,,,,
13/01/2020,,,,,,,,,,,,,,
14/01/2020,,,,,,,,,,,,,,
15/01/2020,,,,,,,,,,,,,,
16/01/2020,,,,,,,,,,,,,,
17/01/2020,,,,,,,,,,,,,,
18/01/2020,22.00,27.00,29.00,26.00,31.00,4.00,9.00,9.00,13.00,14.00,0.00,0.00,0.00,0.00
19/01/2020,26.00,28.00,29.00,28.00,33.00,5.00,7.00,9.00,13.00,13.00,0.00,0.00,0.00,0.00
20/01/2020,,,,,,,,,,,,,,
21/01/2020,,,,,,,,,,,,,,
22/01/2020,,,,,,,,,,,,,,
23/01/2020,,,,,,,,,,,,,,
24/01/2020,,,,,,,,,,,,,,
25/01/2020,,,,,,,,,,,,,,
26/01/2020,,,,,,,,,,,,,,
27/01/2020,,,,,,,,,,,,,,
28/01/2020,,,,,,,,,,,,,,
29/01/2020,,,,,,,,,,,,,,
30/01/2020,,,,,,,,,,,,,,
31/01/2020,,,,,,,,,,,,,,
01/02/2020,,,,,,,,,,,,,,
02/02/2020,,,,,,,,,,,,,,
03/02/2020,,,,,,,,,,,,,,
04/02/2020,,,,,,,,,,,,,,
05/02/2020,,,,,,,,,,,,,,
06/02/2020,,,,,,,,,,,,,,
07/02/2020,,,,,,,,,,,,,,
08/02/2020,,,,,,,,,,,,,,
09/02/2020,24.00,24.00,25.00,25.00,28.00,12.00,12.00,13.00,16.00,17.00,0.00,0.00,0.30,1.20
10/02/2020,19.00,23.00,24.00,23.00,24.00,8.00,8.00,12.00,15.00,15.00,4.00,1.00,1.00,1.00
11/02/2020,14.00,18.00,21.00,22.00,22.00,4.00,4.00,7.00,9.00,10.00,0.00,0.00,0.00,0.00
12/02/2020,,,,,,,,,,,,,,
13/02/2020,,,,,,,,,,,,,,
14/02/2020,,,,,,,,,,,,,,
15/02/2020,,,,,,,,,,,,,,
16/02/2020,,,,,,,,,,,,,,
17/02/2020,,,,,,,,,,,,,,
18/02/2020,,,,,,,,,,,,,,
19/02/2020,,,,,,,,,,,,,,
20/02/2020,,,,,,,,,,,,,,
21/02/2020,,,,,,,,,,,,,,
22/02/2020,,,,,,,,,,,,,,
23/02/2020,,,,,,,,,,,,,,
24/02/2020,,,,,,,,,,,,,,
25/02/2020,,,,,,,,,,,,,,
26/02/2020,,,,,,,,,,,,,,
27/02/2020,,,,,,,,,,,,,,
28/02/2020,,,,,,,,,,,,,,
29/02/2020,,,,,,,,,,,,,,
01/03/2020,24.00,27.00,31.00,31.00,33.00,11.00,14.00,12.00,12.00,13.00,0.00,0.00,0.00,0.00
02/03/2020,18.00,22.00,22.00,26.00,31.00,9.00,13.00,16.00,14.00,12.00,5.15,1.67,1.10,0.60
03/03/2020,16.00,18.00,19.00,21.00,20.00,8.00,7.00,10.00,14.00,16.00,0.00,1.76,0.00,0.00
04/03/2020,23.00,25.00,27.00,25.00,28.00,7.00,7.00,7.00,8.00,8.00,0.00,0.00,0.00,0.00
05/03/2020,29.00,31.00,31.00,31.00,32.00,9.00,12.00,10.00,11.00,11.00,0.00,0.00,0.00,0.00
06/03/2020,,,,,,,,,,,,,,
07/03/2020,,,,,,,,,,,,,,
08/03/2020,22.00,19.00,25.00,28.00,31.00,10.00,13.00,16.00,20.00,19.00,4.00,0.00,0.00,0.00
09/03/2020,27.00,28.00,30.00,30.00,34.00,15.00,16.00,17.00,17.00,19.00,0.00,0.00,0.00,0.00
10/03/2020,,,,,,,,,,,,,,
11/03/2020,,,,,,,,,,,,,,
12/03/2020,,,,,,,,,,,,,,
13/03/2020,,,,,,,,,,,,,,
14/03/2020,,,,,,,,,,,,,,
15/03/2020,,,,,,,,,,,,,,
16/03/2020,,,,,,,,,,,,,,
17/03/2020,,,,,,,,,,,,,,
18/03/2020,,,,,,,,,,,,,,
19/03/2020,,,,,,,,,,,,,,
20/03/2020,,,,,,,,,,,,,,
21/03/2020,,,,,,,,,,,,,,
22/03/2020,,,,,,,,,,,,,,
23/03/2020,,,,,,,,,,,,,,
24/03/2020,26.00,30.00,33.00,33.00,34.00,13.00,12.00,13.00,14.00,14.00,0.00,0.00,0.00,0.00
25/03/2020,30.00,33.00,36.00,34.00,34.00,11.00,14.00,13.00,14.00,15.00,0.00,0.00,0.00,0.00
26/03/2020,21.00,28.00,33.00,32.00,34.00,14.00,15.00,13.00,11.00,15.00,0.00,0.00,0.00,0.00
27/03/2020,19.00,23.00,26.00,26.00,34.00,10.00,13.00,17.00,16.00,14.00,0.00,0.00,0.00,0.00
28/03/2020,25.00,28.00,29.00,27.00,32.00,8.00,10.00,10.00,13.00,11.00,0.00,0.00,0.00,0.00
29/03/2020,27.00,30.00,32.00,31.00,35.00,9.00,13.00,13.00,14.00,13.00,0.00,0.00,0.00,0.00
30/03/2020,,,,,,,,,,,,,,
31/03/2020,,,,,,,,,,,,,,
01/04/2020,,,,,,,,,,,,,,
02/04/2020,,,,,,,,,,,,,,
03/04/2020,,,,,,,,,,,,,,
04/04/2020,,,,,,,,,,,,,,
05/04/2020,,,,,,,,,,,,,,
06/04/2020,,,,,,,,,,,,,,
07/04/2020,,,,,,,,,,,,,,
08/04/2020,,,,,,,,,,,,,,
09/04/2020,,,,,,,,,,,,,,
10/04/2020,24.00,28.00,29.00,30.00,33.00,8.00,10.00,10.00,14.00,18.00,0.00,0.00,0.00,0.00
11/04/2020,19.00,24.00,27.00,27.00,32.00,11.00,11.00,11.00,12.00,13.00,0.00,0.00,0.00,0.00
12/04/2020,28.00,28.00,29.00,28.00,32.00,8.00,10.00,11.00,13.00,10.00,0.00,0.00,0.00,0.00
13/04/2020,,,,,,,,,,,,,,
14/04/2020,30.00,32.00,34.00,33.00,36.00,10.00,11.00,11.00,12.00,12.00,,,,
15/04/2020,31.00,34.00,34.00,32.00,35.00,12.00,15.00,13.00,14.00,13.00,,,,
16/04/2020,,,,,,,,,,,,,,
17/04/2020,,,,,,,,,,,,,,
18/04/2020,,,,,,,,,,,,,,
19/04/2020,30.00,32.00,33.00,31.00,34.00,13.00,14.00,13.00,14.00,14.00,0.00,0.00,0.00,0.00
20/04/2020,31.00,33.00,35.00,34.00,36.00,13.00,15.00,14.00,15.00,15.00,0.00,0.00,0.00,0.00
21/04/2020,31.00,35.00,37.00,35.00,37.00,12.00,15.00,15.00,15.00,15.00,0.00,0.00,0.00,0.00
22/04/2020,,,,,,,,,,,,,,
23/04/2020,,,,,,,,,,,,,,
24/04/2020,,,,,,,,,,,,,,
25/04/2020,,,,,,,,,,,,,,
26/04/2020,41.00,42.00,41.00,35.00,37.00,18.00,20.00,18.00,16.00,17.00,0.00,0.00,0.00,0.00
27/04/2020,,,,,,,,,,,,,,
28/04/2020,,,,,,,,,,,,,,
29/04/2020,,,,,,,,,,,,,,
30/04/2020,,,,,,,,,,,,,,
01/05/2020,,,,,,,,,,,,,,
02/05/2020,,,,,,,,,,,,,,
03/05/2020,,,,,,,,,,,,,,
04/05/2020,,,,,,,,,,,,,,
05/05/2020,,,,,,,,,,,,,,
06/05/2020,,,,,,,,,,,,,,
07/05/2020,,,,,,,,,,,,,,
08/05/2020,,,,,,,,,,,,,,
09/05/2020,38.00,39.00,37.00,34.00,37.00,22.00,20.00,17.00,17.00,16.00,,,,
10/05/2020,,,,,,,,,,,,,,
11/05/2020,,,,,,,,,,,,,,
12/05/2020,,,,,,,,,,,,,,
13/05/2020,,,,,,,,,,,,,,
14/05/2020,,,,,,,,,,,,,,
15/05/2020,,,,,,,,,,,,,,
16/05/2020,,,,,,,,,,,,,,
17/05/2020,,,,,,,,,,,,,,
18/05/2020,,,,,,,,,,,,,,
19/05/2020,,,,,,,,,,,,,,
20/05/2020,,,,,,,,,,,,,,
21/05/2020,,,,,,,,,,,,,,
22/05/2020,,,,,,,,,,,,,,
23/05/2020,,,,,,,,,,,,,,
24/05/2020,,,,,,,,,,,,,,
25/05/2020,,,,,,,,,,,,,,
26/05/2020,,,,,,,,,,,,,,
27/05/2020,,,,,,,,,,,,,,
28/05/2020,,,,,,,,,,,,,,
29/05/2020,,,,,,,,,,,,,,
30/05/2020,,,,,,,,,,,,,,
31/05/2020,,,,,,,,,,,,,,
01/06/2020,41.00,41.00,37.00,34.00,34.00,25.00,26.00,24.00,23.00,21.00,,,,
02/06/2020,,,,,,,,,,,,,,
03/06/2020,,,,,,,,,,,,,,
04/06/2020,,,,,,,,,,,,,,
05/06/2020,,,,,,,,,,,,,,
06/06/2020,,,,,,,,,,,,,,
07/06/2020,36.00,38.00,36.00,33.00,33.00,19.00,21.00,22.00,23.00,23.00,0.00,0.00,0.00,0.00
08/06/2020,,,,,,,,,,,,,,
09/06/2020,,,,,,,,,,,,,,
10/06/2020,,,,,,,,,,,,,,
11/06/2020,,,,,,,,,,,,,,
12/06/2020,,,,,,,,,,,,,,
13/06/2020,,,,,,,,,,,,,,
14/06/2020,,,,,,,,,,,,,,
15/06/2020,,,,,,,,,,,,,,
16/06/2020,,,,,,,,,,,,,,
17/06/2020,,,,,,,,,,,,,,
18/06/2020,,,,,,,,,,,,,,
19/06/2020,,,,,,,,,,,,,,
20/06/2020,,,,,,,,,,,,,,
21/06/2020,,,,,,,,,,,,,,
22/06/2020,,,,,,,,,,,,,,
23/06/2020,,,,,,,,,,,,,,
24/06/2020,,,,,,,,,,,,,,
25/06/2020,,,,,,,,,,,,,,
26/06/2020,,,,,,,,,,,,,,
27/06/2020,,,,,,,,,,,,,,
28/06/2020,,,,,,,,,,,,,,
29/06/2020,,,,,,,,,,,,,,
30/06/2020,,,,,,,,,,,,,,
01/07/2020,,,,,,,,,,,,,,
02/07/2020,,,,,,,,,,,,,,
03/07/2020,,,,,,,,,,,,,,
04/07/2020,,,,,,,,,,,,,,
05/07/2020,,,,,,,,,,,,,,
06/07/2020,,,,,,,,,,,,,,
07/07/2020,,,,,,,,,,,,,,
08/07/2020,,,,,,,,,,,,,,
09/07/2020,,,,,,,,,,,,,,
10/07/2020,,,,,,,,,,,,,,
11/07/2020,,,,,,,,,,,,,,
12/07/2020,,,,,,,,,,,,,,
13/07/2020,,,,,,,,,,,,,,
14/07/2020,,,,,,,,,,,,,,
15/07/2020,44.00,44.00,40.00,37.00,37.00,28.00,29.00,28.00,27.00,27.00,0.00,0.00,0.00,1.00
16/07/2020,43.00,43.00,40.00,37.00,37.00,29.00,29.00,28.00,27.00,26.00,0.00,0.00,0.00,3.00
17/07/2020,,,,,,,,,,,,,,
18/07/2020,,,,,,,,,,,,,,
19/07/2020,41.00,42.00,40.00,36.00,35.00,28.00,29.00,29.00,27.00,25.00,0.00,0.00,0.00,7.84
20/07/2020,41.00,40.00,39.00,37.00,36.00,28.00,28.00,28.00,27.00,25.00,0.00,0.00,0.00,9.14
21/07/2020,41.00,39.00,38.00,36.00,36.00,28.00,28.00,27.00,26.00,25.00,0.00,0.00,0.00,1.89
22/07/2020,,,,,,,,,,,,,,
23/07/2020,,,,,,,,,,,,,,
24/07/2020,,,,,,,,,,,,,,
25/07/2020,,,,,,,,,,,,,,
26/07/2020,,,,,,,,,,,,,,
27/07/2020,,,,,,,,,,,,,,
28/07/2020,,,,,,,,,,,,,,
29/07/2020,,,,,,,,,,,,,,
30/07/2020,,,,,,,,,,,,,,
31/07/2020,,,,,,,,,,,,,,
01/08/2020,,,,,,,,,,,,,,
02/08/2020,,,,,,,,,,,,,,
03/08/2020,,,,,,,,,,,,,,
04/08/2020,,,,,,,,,,,,,,
05/08/2020,,,,,,,,,,,,,,
06/08/2020,,,,,,,,,,,,,,
07/08/2020,,,,,,,,,,,,,,
08/08/2020,,,,,,,,,,,,,,
09/08/2020,,,,,,,,,,,,,,
10/08/2020,,,,,,,,,,,,,,
11/08/2020,,,,,,,,,,,,,,
12/08/2020,,,,,,,,,,,,,,
13/08/2020,,,,,,,,,,,,,,
14/08/2020,,,,,,,,,,,,,,
15/08/2020,,,,,,,,,,,,,,
16/08/2020,,,,,,,,,,,,,,
17/08/2020,,,,,,,,,,,,,,
18/08/2020,,,,,,,,,,,,,,
19/08/2020,,,,,,,,,,,,,,
20/08/2020,,,,,,,,,,,,,,
21/08/2020,,,,,,,,,,,,,,
22/08/2020,,,,,,,,,,,,,,
23/08/2020,,,,,,,,,,,,,,
24/08/2020,,,,,,,,,,,,,,
25/08/2020,,,,,,,,,,,,,,
26/08/2020,,,,,,,,,,,,,,
27/08/2020,,,,,,,,,,,,,,
28/08/2020,,,,,,,,,,,,,,
29/08/2020,,,,,,,,,,,,,,
30/08/2020,,,,,,,,,,,,,,
31/08/2020,,,,,,,,,,,,,,
01/09/2020,,,,,,,,,,,,,,
02/09/2020,,,,,,,,,,,,,,
03/09/2020,,,,,,,,,,,,,,
04/09/2020,,,,,,,,,,,,,,
05/09/2020,,,,,,,,,,,,,,
06/09/2020,,,,,,,,,,,,,,
07/09/2020,,,,,,,,,,,,,,
08/09/2020,,,,,,,,,,,,,,
09/09/2020,,,,,,,,,,,,,,
10/09/2020,,,,,,,,,,,,,,
11/09/2020,,,,,,,,,,,,,,
12/09/2020,,,,,,,,,,,,,,
13/09/2020,,,,,,,,,,,,,,
14/09/2020,,,,,,,,,,,,,,
15/09/2020,,,,,,,,,,,,,,
16/09/2020,,,,,,,,,,,,,,
17/09/2020,,,,,,,,,,,,,,
18/09/2020,,,,,,,,,,,,,,
19/09/2020,,,,,,,,,,,,,,
20/09/2020,,,,,,,,,,,,,,
21/09/2020,,,,,,,,,,,,,,
22/09/2020,,,,,,,,,,,,,,
23/09/2020,,,,,,,,,,,,,,
24/09/2020,,,,,,,,,,,,,,
25/09/2020,,,,,,,,,,,,,,
26/09/2020,,,,,,,,,,,,,,
27/09/2020,,,,,,,,,,,,,,
28/09/2020,,,,,,,,,,,,,,
29/09/2020,,,,,,,,,,,,,,
30/09/2020,,,,,,,,,,,,,,
01/10/2020,,,,,,,,,,,,,,
02/10/2020,,,,,,,,,,,,,,
03/10/2020,,,,,,,,,,,,,,
04/10/2020,,,,,,,,,,,,,,
05/10/2020,,,,,,,,,,,,,,
06/10/2020,,,,,,,,,,,,,,
07/10/2020,,,,,,,,,,,,,,
08/10/2020,,,,,,,,,,,,,,
09/10/2020,,,,,,,,,,,,,,
10/10/2020,,,,,,,,,,,,,,
11/10/2020,,,,,,,,,,,,,,
12/10/2020,39.00,40.00,38.00,37.00,37.00,18.00,21.00,23.00,24.00,24.00,0.00,0.00,0.00,0.00
13/10/2020,,,,,,,,,,,,,,
14/10/2020,,,,,,,,,,,,,,
15/10/2020,,,,,,,,,,,,,,
16/10/2020,,,,,,,,,,,,,,
17/10/2020,,,,,,,,,,,,,,
18/10/2020,38.00,39.00,38.00,35.00,36.00,19.00,22.00,25.00,25.00,25.00,0.00,0.00,0.00,0.00
19/10/2020,39.00,39.00,39.00,38.00,38.00,19.00,21.00,23.00,24.00,25.00,0.00,0.00,0.00,0.00
20/10/2020,39.00,41.00,41.00,38.00,38.00,18.00,20.00,22.00,23.00,25.00,0.00,0.00,0.00,0.00
21/10/2020,,,,,,,,,,,,,,
22/10/2020,36.00,37.00,37.00,35.00,36.00,18.00,21.00,23.00,22.00,24.00,0.00,0.00,0.00,0.00
23/10/2020,,,,,,,,,,,,,,
24/10/2020,,,,,,,,,,,,,,
25/10/2020,,,,,,,,,,,,,,
26/10/2020,,,,,,,,,,,,,,
27/10/2020,,,,,,,,,,,,,,
28/10/2020,,,,,,,,,,,,,,
29/10/2020,,,,,,,,,,,,,,
30/10/2020,,,,,,,,,,,,,,
31/10/2020,,,,,,,,,,,,,,
01/11/2020,,,,,,,,,,,,,,
02/11/2020,,,,,,,,,,,,,,
03/11/2020,,,,,,,,,,,,,,
04/11/2020,,,,,,,,,,,,,,
05/11/2020,,,,,,,,,,,,,,
06/11/2020,,,,,,,,,,,,,,
07/11/2020,27.00,31.00,33.00,32.00,35.00,20.00,21.00,22.00,21.00,20.00,0.00,4.00,1.00,0.00
08/11/2020,23.00,26.00,30.00,31.00,33.00,12.00,15.00,21.00,21.00,21.00,0.00,0.00,1.00,0.00
09/11/2020,,,,,,,,,,,,,,
10/11/2020,,,,,,,,,,,,,,
11/11/2020,,,,,,,,,,,,,,
12/11/2020,,,,,,,,,,,,,,
13/11/2020,,,,,,,,,,,,,,
14/11/2020,,,,,,,,,,,,,,
15/11/2020,,,,,,,,,,,,,,
16/11/2020,,,,,,,,,,,,,,
17/11/2020,,,,,,,,,,,,,,
18/11/2020,,,,,,,,,,,,,,
19/11/2020,,,,,,,,,,,,,,
20/11/2020,,,,,,,,,,,,,,
21/11/2020,,,,,,,,,,,,,,
22/11/2020,,,,,,,,,,,,,,
23/11/2020,,,,,,,,,,,,,,
24/11/2020,,,,,,,,,,,,,,
25/11/2020,,,,,,,,,,,,,,
26/11/2020,,,,,,,,,,,,,,
27/11/2020,,,,,,,,,,,,,,
28/11/2020,,,,,,,,,,,,,,
29/11/2020,,,,,,,,,,,,,,
30/11/2020,,,,,,,,,,,,,,
01/12/2020,,,,,,,,,,,,,,
02/12/2020,,,,,,,,,,,,,,
03/12/2020,,,,,,,,,,,,,,
04/12/2020,,,,,,,,,,,,,,
05/12/2020,,,,,,,,,,,,,,
06/12/2020,,,,,,,,,,,,,,
07/12/2020,,,,,,,,,,,,,,
08/12/2020,,,,,,,,,,,,,,
09/12/2020,,,,,,,,,,,,,,
10/12/2020,,,,,,,,,,,,,,
11/12/2020,,,,,,,,,,,,,,
12/12/2020,,,,,,,,,,,,,,
13/12/2020,,,,,,,,,,,,,,
14/12/2020,,,,,,,,,,,,,,
15/12/2020,,,,,,,,,,,,,,
16/12/2020,,,,,,,,,,,,,,
17/12/2020,,,,,,,,,,,,,,
18/12/2020,,,,,,,,,,,,,,
19/12/2020,,,,,,,,,,,,,,
20/12/2020,,,,,,,,,,,,,,
21/12/2020,,,,,,,,,,,,,,
22/12/2020,,,,,,,,,,,,,,
23/12/2020,,,,,,,,,,,,,,
24/12/2020,,,,,,,,,,,,,,
25/12/2020,,,,,,,,,,,,,,
26/12/2020,,,,,,,,,,,,,,
27/12/2020,,,,,,,,,,,,,,
28/12/2020,,,,,,,,,,,,,,
29/12/2020,,,,,,,,,,,,,,
30/12/2020,,,,,,,,,,,,,,
31/12/2020,,,,,,,,,,,,,,
01/01/2021,,,,,,,,,,,,,,
02/01/2021,,,,,,,,,,,,,,
03/01/2021,,,,,,,,,,,,,,
04/01/2021,,,,,,,,,,,,,,
05/01/2021,,,,,,,,,,,,,,
06/01/2021,,,,,,,,,,,,,,
07/01/2021,,,,,,,,,,,,,,
08/01/2021,,,,,,,,,,,,,,
09/01/2021,,,,,,,,,,,,,,
10/01/2021,,,,,,,,,,,,,,
11/01/2021,,,,,,,,,,,,,,
12/01/2021,,,,,,,,,,,,,,
13/01/2021,,,,,,,,,,,,,,
14/01/2021,,,,,,,,,,,,,,
15/01/2021,,,,,,,,,,,,,,
16/01/2021,,,,,,,,,,,,,,
17/01/2021,,,,,,,,,,,,,,
18/01/2021,,,,,,,,,,,,,,
19/01/2021,,,,,,,,,,,,,,
20/01/2021,,,,,,,,,,,,,,
21/01/2021,,,,,,,,,,,,,,
22/01/2021,,,,,,,,,,,,,,
23/01/2021,,,,,,,,,,,,,,
24/01/2021,,,,,,,,,,,,,,
25/01/2021,,,,,,,,,,,,,,
26/01/2021,,,,,,,,,,,,,,
27/01/2021,,,,,,,,,,,,,,
28/01/2021,,,,,,,,,,,,,,
29/01/2021,,,,,,,,,,,,,,
30/01/2021,,,,,,,,,,,,,,
31/01/2021,,,,,,,,,,,,,,
01/02/2021,,,,,,,,,,,,,,
02/02/2021,,,,,,,,,,,,,,
03/02/2021,,,,,,,,,,,,,,
04/02/2021,,,,,,,,,,,,,,
05/02/2021,,,,,,,,,,,,,,
06/02/2021,,,,,,,,,,,,,,
07/02/2021,,,,,,,,,,,,,,
08/02/2021,,,,,,,,,,,,,,
09/02/2021,,,,,,,,,,,,,,
10/02/2021,,,,,,,,,,,,,,
11/02/2021,,,,,,,,,,,,,,
12/02/2021,,,,,,,,,,,,,,
13/02/2021,,,,,,,,,,,,,,
14/02/2021,,,,,,,,,,,,,,
15/02/2021,,,,,,,,,,,,,,
16/02/2021,,,,,,,,,,,,,,
17/02/2021,,,,,,,,,,,,,,
18/02/2021,,,,,,,,,,,,,,
19/02/2021,,,,,,,,,,,,,,
20/02/2021,,,,,,,,,,,,,,
21/02/2021,,,,,,,,,,,,,,
22/02/2021,,,,,,,,,,,,,,
23/02/2021,,,,,,,,,,,,,,
24/02/2021,,,,,,,,,,,,,,
25/02/2021,,,,,,,,,,,,,,
26/02/2021,,,,,,,,,,,,,,
27/02/2021,,,,,,,,,,,,,,
28/02/2021,,,,,,,,,,,,,,
01/03/2021,,,,,,,,,,,,,,
02/03/2021,,,,,,,,,,,,,,
03/03/2021,,,,,,,,,,,,,,
04/03/2021,,,,,,,,,,,,,,
05/03/2021,,,,,,,,,,,,,,
06/03/2021,,,,,,,,,,,,,,
07/03/2021,,,,,,,,,,,,,,
08/03/2021,,,,,,,,,,,,,,
09/03/2021,,,,,,,,,,,,,,
10/03/2021,,,,,,,,,,,,,,
11/03/2021,,,,,,,,,,,,,,
12/03/2021,,,,,,,,,,,,,,
13/03/2021,,,,,,,,,,,,,,
14/03/2021,,,,,,,,,,,,,,
15/03/2021,,,,,,,,,,,,,,
16/03/2021,,,,,,,,,,,,,,
17/03/2021,,,,,,,,,,,,,,
18/03/2021,,,,,,,,,,,,,,
19/03/2021,,,,,,,,,,,,,,
20/03/2021,33.00,36.00,35.00,33.00,34.00,11.00,16.00,10.00,8.00,10.00,0.00,0.00,0.00,0.00
21/03/2021,29.00,31.00,36.00,35.00,35.00,15.00,19.00,13.00,11.00,11.00,0.00,0.00,0.00,0.00
22/03/2021,,,,,,,,,,,,,,
23/03/2021,,,,,,,,,,,,,,
24/03/2021,,,,,,,,,,,,,,
25/03/2021,,,,,,,,,,,,,,
26/03/2021,,,,,,,,,,,,,,
27/03/2021,,,,,,,,,,,,,,
28/03/2021,,,,,,,,,,,,,,
29/03/2021,,,,,,,,,,,,,,
30/03/2021,,,,,,,,,,,,,,
31/03/2021,,,,,,,,,,,,,,
01/04/2021,36.00,38.00,38.00,36.00,36.00,14.00,17.00,14.00,16.00,15.00,0.00,0.00,0.00,0.00
02/04/2021,32.00,33.00,37.00,36.00,38.00,14.00,18.00,17.00,17.00,18.00,0.00,0.00,0.00,0.00
03/04/2021,36.00,38.00,37.00,35.00,39.00,14.00,14.00,13.00,16.00,17.00,0.00,0.00,0.00,0.00
04/04/2021,39.00,41.00,39.00,36.00,37.00,16.00,18.00,14.00,13.00,14.00,0.00,0.00,0.00,0.00
05/04/2021,37.00,41.00,38.00,34.00,35.00,16.00,19.00,15.00,13.00,14.00,0.00,0.00,0.00,0.00
06/04/2021,34.00,37.00,35.00,32.00,34.00,17.00,19.00,16.00,16.00,14.00,0.00,0.00,0.00,0.00
07/04/2021,35.00,37.00,36.00,33.00,34.00,15.00,17.00,15.00,16.00,15.00,0.00,0.00,0.00,0.00
08/04/2021,36.00,40.00,42.00,37.00,5.00,16.00,20.00,16.00,14.00,16.00,0.00,0.00,0.00,0.00
09/04/2021,35.00,38.00,35.00,32.00,34.00,16.00,18.00,17.00,17.00,15.00,0.00,0.00,0.00,0.00
10/04/2021,36.00,36.00,34.00,31.00,34.00,15.00,17.00,15.00,17.00,14.00,0.00,0.00,0.00,0.00
11/04/2021,,,,,,,,,,,,,,
12/04/2021,,,,,,,,,,,,,,
13/04/2021,,,,,,,,,,,,,,
14/04/2021,,,,,,,,,,,,,,
15/04/2021,,,,,,,,,,,,,,
16/04/2021,,,,,,,,,,,,,,
17/04/2021,,,,,,,,,,,,,,
18/04/2021,,,,,,,,,,,,,,
19/04/2021,,,,,,,,,,,,,,
20/04/2021,,,,,,,,,,,,,,
21/04/2021,,,,,,,,,,,,,,
22/04/2021,,,,,,,,,,,,,,
23/04/2021,,,,,,,,,,,,,,
24/04/2021,34.00,35.00,36.00,34.00,37.00,14.00,16.00,13.00,13.00,15.00,0.00,0.00,0.00,0.00
25/04/2021,36.00,36.00,36.00,34.00,36.00,15.00,16.00,14.00,13.00,15.00,0.00,0.00,0.00,0.00
26/04/2021,28.00,33.00,32.00,31.00,34.00,15.00,19.00,19.00,16.00,15.00,0.00,0.00,0.00,0.00
27/04/2021,22.00,27.00,29.00,30.00,33.00,14.00,16.00,17.00,17.00,19.00,0.00,0.00,0.00,0.00
28/04/2021,27.00,30.00,30.00,29.00,33.00,11.00,14.00,15.00,15.00,15.00,0.00,0.00,0.00,0.00
29/04/2021,36.00,35.00,36.00,33.00,34.00,12.00,15.00,15.00,15.00,15.00,0.00,0.00,0.00,0.00
30/04/2021,37.00,36.00,36.00,33.00,34.00,18.00,23.00,20.00,15.00,15.00,0.00,0.00,0.00,0.00
01/05/2021,39.00,38.00,36.00,33.00,35.00,20.00,19.00,19.00,19.00,17.00,0.00,0.00,0.00,0.00
02/05/2021,30.00,36.00,35.00,33.00,35.00,21.00,20.00,20.00,20.00,18.00,0.00,0.00,0.00,0.00
03/05/2021,29.00,32.00,31.00,29.00,34.00,17.00,16.00,19.00,20.00,18.00,0.00,0.00,0.00,0.00
04/05/2021,33.00,36.00,34.00,32.00,34.00,18.00,17.00,15.00,16.00,18.00,0.00,0.00,0.00,0.00
05/05/2021,34.00,37.00,35.00,33.00,35.00,19.00,19.00,17.00,17.00,17.00,0.00,0.00,0.00,0.00
06/05/2021,34.00,37.00,35.00,33.00,34.00,16.00,17.00,16.00,17.00,16.00,0.00,0.00,0.00,0.00
07/05/2021,35.00,38.00,38.00,36.00,37.00,19.00,18.00,16.00,17.00,19.00,0.00,0.00,0.00,0.00
08/05/2021,34.00,36.00,35.00,35.00,35.00,18.00,18.00,17.00,19.00,18.00,0.00,0.00,0.00,0.00
09/05/2021,36.00,37.00,36.00,35.00,37.00,16.00,17.00,17.00,20.00,19.00,0.00,0.00,0.00,0.00
10/05/2021,35.00,37.00,36.00,35.00,38.00,17.00,20.00,20.00,21.00,19.00,0.00,0.00,0.00,0.00
11/05/2021,36.00,37.00,38.00,36.00,38.00,16.00,18.00,19.00,22.00,22.00,0.00,0.00,0.00,0.00
12/05/2021,38.00,39.00,40.00,38.00,39.00,17.00,18.00,20.00,22.00,22.00,0.00,0.00,0.00,0.00
13/05/2021,39.00,41.00,42.00,41.00,40.00,18.00,21.00,23.00,24.00,22.00,0.00,0.00,0.00,0.00
14/05/2021,38.00,39.00,41.00,40.00,40.00,19.00,23.00,25.00,24.00,22.00,0.00,0.00,0.00,0.00
15/05/2021,36.00,36.00,37.00,35.00,39.00,18.00,22.00,22.00,22.00,22.00,0.00,0.00,0.00,0.00
16/05/2021,33.00,36.00,37.00,35.00,38.00,16.00,18.00,20.00,19.00,21.00,0.00,0.00,0.00,0.00
17/05/2021,32.00,34.00,36.00,36.00,38.00,15.00,17.00,17.00,17.00,20.00,0.00,0.00,0.00,0.00
18/05/2021,35.00,36.00,36.00,35.00,36.00,16.00,17.00,17.00,18.00,19.00,0.00,0.00,0.00,0.00
19/05/2021,39.00,38.00,36.00,34.00,35.00,19.00,20.00,18.00,18.00,18.00,0.00,0.00,0.00,0.00
20/05/2021,37.00,39.00,38.00,35.00,36.00,21.00,21.00,20.00,20.00,20.00,0.00,0.00,0.00,0.00
21/05/2021,33.00,36.00,37.00,34.00,35.00,23.00,22.00,22.00,22.00,21.00,0.00,0.00,0.00,0.00
22/05/2021,29.00,35.00,35.00,34.00,34.00,14.00,20.00,21.00,22.00,20.00,0.00,0.00,0.00,0.00
23/05/2021,33.00,37.00,38.00,36.00,38.00,15.00,19.00,20.00,19.00,20.00,0.00,0.00,0.00,0.00
24/05/2021,36.00,38.00,39.00,37.00,38.00,15.00,19.00,18.00,20.00,19.00,0.00,0.00,0.00,0.00
25/05/2021,38.00,39.00,39.00,37.00,39.00,17.00,19.00,18.00,19.00,19.00,0.00,0.00,0.00,0.00
26/05/2021,38.00,39.00,39.00,38.00,41.00,20.00,21.00,19.00,19.00,19.00,0.00,0.00,0.00,0.00
27/05/2021,39.00,40.00,41.00,39.00,40.00,20.00,21.00,19.00,19.00,19.00,0.00,0.00,0.00,0.00
28/05/2021,39.00,41.00,40.00,37.00,38.00,18.00,20.00,19.00,18.00,19.00,0.00,0.00,0.00,0.00
29/05/2021,39.00,39.00,36.00,35.00,36.00,17.00,19.00,19.00,21.00,21.00,0.00,0.00,0.00,0.00
30/05/2021,37.00,38.00,35.00,35.00,37.00,19.00,19.00,21.00,22.00,21.00,0.00,0.00,0.00,0.00
31/05/2021,38.00,38.00,37.00,35.00,37.00,19.00,20.00,21.00,22.00,20.00,0.00,0.00,0.00,0.00
01/06/2021,39.00,39.00,38.00,36.00,38.00,20.00,20.00,19.00,21.00,20.00,0.00,0.00,0.00,0.00
02/06/2021,39.00,40.00,39.00,36.00,37.00,21.00,22.00,21.00,22.00,22.00,0.00,0.00,0.00,0.00
03/06/2021,41.00,41.00,40.00,37.00,38.00,21.00,22.00,21.00,21.00,22.00,0.00,0.00,0.00,0.00
04/06/2021,41.00,42.00,41.00,37.00,39.00,21.00,23.00,22.00,22.00,22.00,0.00,0.00,0.00,0.00
05/06/2021,40.00,42.00,42.00,38.00,39.00,22.00,23.00,22.00,23.00,23.00,0.00,0.00,0.00,0.00
06/06/2021,39.00,40.00,42.00,38.00,39.00,22.00,23.00,22.00,22.00,23.00,0.00,0.00,0.00,0.00
07/06/2021,38.00,39.00,42.00,40.00,40.00,20.00,23.00,22.00,22.00,23.00,0.00,0.00,0.00,0.00
08/06/2021,37.00,40.00,42.00,42.00,42.00,19.00,22.00,23.00,22.00,23.00,0.00,0.00,0.00,0.00
09/06/2021,39.00,42.00,44.00,42.00,39.00,19.00,22.00,23.00,24.00,24.00,0.00,0.00,0.00,0.00
10/06/2021,40.00,43.00,44.00,41.00,37.00,21.00,23.00,25.00,25.00,25.00,0.00,0.00,0.00,0.00
11/06/2021,42.00,44.00,42.00,37.00,38.00,20.00,23.00,23.00,24.00,25.00,0.00,0.00,0.00,0.00
12/06/2021,44.00,45.00,40.00,36.00,36.00,20.00,25.00,25.00,25.00,26.00,0.00,0.00,0.00,0.00
13/06/2021,43.00,43.00,40.00,36.00,37.00,25.00,27.00,27.00,26.00,25.00,0.00,0.00,0.00,0.00
14/06/2021,39.00,43.00,40.00,36.00,38.00,26.00,27.00,26.00,25.00,25.00,0.00,0.00,0.00,0.00
15/06/2021,41.00,43.00,41.00,37.00,38.00,28.00,28.00,26.00,25.00,25.00,0.00,0.00,0.00,0.00
16/06/2021,42.00,45.00,44.00,39.00,40.00,27.00,28.00,27.00,25.00,25.00,0.00,0.00,0.00,0.00
17/06/2021,43.00,45.00,45.00,41.00,41.00,29.00,29.00,27.00,26.00,26.00,0.00,0.00,0.00,0.00
18/06/2021,43.00,45.00,44.00,38.00,38.00,28.00,28.00,28.00,26.00,26.00,0.00,0.00,0.00,0.00
19/06/2021,42.00,44.00,40.00,38.00,37.00,27.00,28.00,28.00,27.00,26.00,0.00,0.00,0.00,0.00
20/06/2021,44.00,42.00,39.00,35.00,33.00,28.00,29.00,28.00,27.00,26.00,0.00,0.00,0.00,3.60
21/06/2021,42.00,40.00,36.00,33.00,31.00,27.00,28.00,28.00,27.00,26.00,0.00,0.00,0.00,0.00
22/06/2021,38.00,40.00,39.00,35.00,35.00,27.00,28.00,27.00,26.00,25.00,0.00,0.00,0.00,0.00
23/06/2021,38.00,39.00,38.00,36.00,35.00,27.00,28.00,27.00,26.00,25.00,0.00,0.00,0.00,0.30
24/06/2021,39.00,40.00,39.00,35.00,36.00,25.00,27.00,27.00,26.00,25.00,0.00,0.00,0.00,0.00
25/06/2021,41.00,42.00,40.00,36.00,36.00,25.00,27.00,27.00,26.00,26.00,0.00,0.00,0.00,0.00
26/06/2021,42.00,43.00,41.00,37.00,37.00,24.00,27.00,27.00,26.00,26.00,0.00,0.00,0.00,0.00
27/06/2021,43.00,43.00,40.00,36.00,38.00,24.00,26.00,27.00,27.00,26.00,0.00,0.00,0.00,8.00
28/06/2021,43.00,42.00,38.00,34.00,33.00,25.00,27.00,27.00,26.00,25.00,0.00,4.00,4.00,26.00
29/06/2021,40.00,39.00,35.00,32.00,31.00,28.00,28.00,27.00,25.00,24.00,9.00,6.00,3.00,8.00
30/06/2021,37.00,34.00,33.00,32.00,33.00,27.00,27.00,26.00,25.00,24.00,3.50,2.00,1.00,0.00
01/07/2021,36.00,35.00,34.00,34.00,35.00,27.00,27.00,26.00,24.00,24.00,0.00,0.00,0.00,0.00
02/07/2021,37.00,38.00,37.00,35.00,35.00,28.00,28.00,26.00,25.00,25.00,0.00,0.00,0.00,0.00
03/07/2021,36.00,37.00,36.00,34.00,32.00,28.00,28.00,27.00,26.00,25.00,0.00,0.00,0.00,1.00
04/07/2021,39.00,38.00,36.00,35.00,33.00,29.00,28.00,28.00,27.00,25.00,0.00,0.00,0.00,0.00
05/07/2021,40.00,37.00,38.00,36.00,36.00,30.00,28.00,28.00,27.00,25.00,0.00,0.00,0.00,0.00
06/07/2021,39.00,38.00,38.00,36.00,35.00,29.00,29.00,28.00,27.00,26.00,0.00,0.00,0.00,3.50
07/07/2021,39.00,37.00,37.00,36.00,35.00,30.00,28.00,27.00,27.00,25.00,0.00,0.00,0.00,0.00
08/07/2021,40.00,37.00,38.00,36.00,35.00,29.00,28.00,27.00,26.00,25.00,0.00,0.00,0.00,0.00
09/07/2021,41.00,41.00,39.00,36.00,35.00,31.00,29.00,28.00,27.00,25.00,0.00,0.00,0.00,0.00
10/07/2021,42.00,40.00,38.00,35.00,34.00,29.00,29.00,28.00,27.00,25.00,0.00,0.00,0.00,2.00
11/07/2021,43.00,40.00,37.00,35.00,34.00,29.00,28.00,27.00,27.00,26.00,0.00,3.81,4.08,14.06
12/07/2021,42.00,40.00,37.00,36.00,34.00,30.00,29.00,28.00,26.00,25.00,0.00,0.00,0.00,3.38
13/07/2021,40.00,39.00,38.00,36.00,35.00,29.00,28.00,27.00,26.00,25.00,2.54,0.00,0.00,1.61
14/07/2021,39.00,38.00,38.00,37.00,37.00,28.00,25.00,26.00,26.00,25.00,0.00,0.00,0.00,0.00
15/07/2021,38.00,38.00,40.00,38.00,38.00,28.00,27.00,26.00,25.00,25.00,0.00,0.00,0.00,0.00
16/07/2021,39.00,40.00,40.00,38.00,37.00,28.00,28.00,27.00,26.00,25.00,0.00,0.00,0.00,0.00
17/07/2021,38.00,39.00,39.00,38.00,37.00,28.00,28.00,27.00,26.00,25.00,0.00,0.00,0.00,2.65
18/07/2021,38.00,37.00,38.00,38.00,38.00,30.00,28.00,28.00,27.00,25.00,1.00,0.00,0.00,0.00
19/07/2021,39.00,39.00,40.00,39.00,39.00,29.00,28.00,28.00,28.00,26.00,0.00,0.00,0.00,0.00
20/07/2021,38.00,40.00,40.00,39.00,38.00,30.00,29.00,28.00,28.00,26.00,0.00,0.00,0.00,4.00
21/07/2021,40.00,40.00,39.00,38.00,36.00,28.00,28.00,28.00,26.00,25.00,1.00,0.00,3.50,9.00
22/07/2021,40.00,39.00,38.00,37.00,36.00,30.00,28.00,27.00,27.00,25.00,0.00,0.00,0.00,1.00
23/07/2021,38.00,38.00,38.00,38.00,38.00,30.00,27.00,27.00,37.00,25.00,0.00,0.00,0.00,0.00
24/07/2021,35.00,35.00,37.00,38.00,38.00,28.00,27.00,27.00,26.00,25.00,0.00,0.00,0.00,0.00
25/07/2021,32.00,37.00,39.00,37.00,37.00,25.00,26.00,27.00,26.00,25.00,0.00,0.00,0.00,0.00
26/07/2021,38.00,39.00,40.00,39.00,38.00,25.00,27.00,26.00,26.00,25.00,0.00,0.00,0.00,0.00
27/07/2021,40.00,41.00,41.00,38.00,38.00,26.00,27.00,27.00,27.00,26.00,0.00,0.00,0.00,0.00
28/07/2021,42.00,43.00,41.00,39.00,37.00,27.00,28.00,28.00,27.00,26.00,0.00,0.00,0.00,1.50
29/07/2021,41.00,39.00,38.00,37.00,36.00,29.00,27.00,27.00,26.00,24.00,4.00,4.00,0.00,5.00
30/07/2021,37.00,36.00,38.00,37.00,37.00,26.00,27.00,27.00,27.00,26.00,3.00,0.00,0.00,0.00
31/07/2021,39.00,39.00,41.00,39.00,37.00,26.00,27.00,27.00,26.00,25.00,0.00,0.00,0.00,6.89
01/08/2021,40.00,41.00,41.00,38.00,37.00,29.00,28.00,27.00,27.00,25.00,0.00,0.00,0.00,3.00
02/08/2021,42.00,42.00,40.00,37.00,35.00,29.00,28.00,27.00,26.00,25.00,2.50,1.50,0.00,5.50
03/08/2021,41.00,41.00,39.00,36.00,35.00,29.00,28.00,27.00,26.00,24.00,0.00,0.00,0.00,11.00
04/08/2021,41.00,41.00,38.00,35.00,33.00,30.00,28.00,27.00,25.00,24.00,0.00,0.00,1.50,15.50
05/08/2021,40.00,39.00,37.00,34.00,32.00,30.00,28.00,27.00,26.00,24.00,0.00,0.00,2.50,10.00
06/08/2021,40.00,39.00,36.00,34.00,32.00,30.00,27.00,26.00,25.00,24.00,0.00,8.00,5.00,12.50
07/08/2021,39.00,38.00,35.00,34.00,34.00,27.00,27.00,26.00,26.00,24.00,0.00,7.00,2.50,10.00
08/08/2021,38.00,34.00,33.00,35.00,34.00,28.00,27.00,25.00,25.00,24.00,6.50,4.50,0.00,0.00
09/08/2021,34.00,35.00,37.00,36.00,35.00,27.00,25.00,26.00,26.00,25.00,0.00,1.00,1.00,13.00
10/08/2021,37.00,34.00,34.00,34.00,34.00,26.00,27.00,25.00,25.00,24.00,1.00,1.00,1.00,2.00
11/08/2021,37.00,36.00,37.00,35.00,35.00,26.00,26.00,26.00,26.00,24.00,0.00,0.00,1.00,5.00
12/08/2021,38.00,37.00,37.00,32.00,32.00,26.00,26.00,26.00,26.00,24.00,2.00,8.00,11.00,23.00
13/08/2021,37.00,35.00,35.00,34.00,34.00,26.00,26.00,26.00,25.00,24.00,1.00,9.00,2.00,4.00
14/08/2021,36.00,35.00,37.00,37.00,37.00,26.00,26.00,26.00,25.00,23.00,0.00,0.00,0.00,0.00
15/08/2021,36.00,37.00,39.00,38.00,37.00,26.00,26.00,26.00,25.00,24.00,0.00,0.00,0.00,0.00
16/08/2021,37.00,36.00,38.00,37.00,36.00,26.00,27.00,26.00,26.00,25.00,1.00,0.00,0.00,2.99
17/08/2021,36.00,35.00,37.00,35.00,35.00,26.00,26.00,26.00,26.00,25.00,0.00,0.00,0.00,1.91
18/08/2021,37.00,36.00,37.00,36.00,36.00,25.00,26.00,26.00,26.00,25.00,0.00,0.00,0.00,0.00
19/08/2021,37.00,37.00,39.00,37.00,36.00,24.00,25.00,26.00,26.00,25.00,0.00,0.00,0.00,0.00
20/08/2021,38.00,38.00,40.00,38.00,37.00,23.00,25.00,26.00,26.00,25.00,0.00,0.00,0.00,0.00
21/08/2021,39.00,39.00,41.00,39.00,38.00,23.00,25.00,26.00,26.00,25.00,0.00,0.00,0.00,0.00
22/08/2021,40.00,42.00,43.00,41.00,39.00,24.00,27.00,28.00,28.00,25.00,0.00,0.00,0.00,4.00
23/08/2021,40.00,40.00,39.00,37.00,37.00,28.00,28.00,28.00,27.00,26.00,0.00,0.00,0.00,0.00
24/08/2021,40.00,41.00,40.00,38.00,37.00,28.00,29.00,28.00,28.00,26.00,0.00,0.00,0.00,2.00
25/08/2021,42.00,43.00,42.00,37.00,37.00,28.00,29.00,28.00,28.00,26.00,0.00,0.00,0.00,0.00
26/08/2021,44.00,43.00,42.00,40.00,38.00,29.00,28.00,28.00,27.00,25.00,0.00,0.00,0.00,13.50
27/08/2021,43.00,42.00,41.00,39.00,36.00,28.00,28.00,28.00,27.00,25.00,0.00,0.00,0.00,0.00
28/08/2021,41.00,40.00,41.00,38.00,36.00,27.00,29.00,28.00,27.00,25.00,0.00,0.00,0.00,5.00
29/08/2021,42.00,42.00,42.00,36.00,30.00,27.00,28.00,28.00,28.00,26.00,0.00,0.00,8.00,24.00
30/08/2021,39.00,37.00,34.00,31.00,28.00,28.00,28.00,27.00,25.00,23.00,9.00,9.00,13.00,28.00
31/08/2021,30.00,29.00,31.00,30.00,27.00,26.00,25.00,25.00,24.00,23.00,8.00,8.00,7.00,10.00
01/09/2021,35.00,31.00,32.00,32.00,32.00,25.00,24.00,25.00,25.00,23.00,0.00,1.00,2.00,1.00
02/09/2021,35.00,33.00,35.00,33.00,32.00,24.00,25.00,25.00,25.00,24.00,0.00,0.00,0.00,0.00
03/09/2021,36.00,34.00,35.00,33.00,32.00,25.00,26.00,26.00,26.00,24.00,0.00,1.00,4.00,15.00
04/09/2021,37.00,33.00,36.00,32.00,31.00,26.00,26.00,26.00,25.00,24.00,0.00,3.00,5.00,8.00
05/09/2021,37.00,34.00,35.00,32.00,30.00,26.00,24.00,25.00,25.00,24.00,0.00,4.04,2.80,1.41
06/09/2021,36.00,35.00,35.00,34.00,33.00,26.00,25.00,25.00,25.00,24.00,0.00,1.17,0.68,13.36
07/09/2021,39.00,37.00,37.00,34.00,33.00,26.00,26.00,26.00,25.00,24.00,2.21,5.15,0.59,1.98
08/09/2021,39.00,38.00,37.00,35.00,34.00,25.00,25.00,25.00,25.00,24.00,0.00,0.00,0.00,3.88
09/09/2021,41.00,39.00,39.00,35.00,32.00,26.00,26.00,26.00,26.00,25.00,0.00,0.00,0.00,0.00
10/09/2021,40.00,38.00,38.00,34.00,35.00,26.00,26.00,27.00,27.00,25.00,0.00,0.00,0.00,0.00
11/09/2021,41.00,40.00,40.00,37.00,36.00,26.00,26.00,26.00,26.00,24.00,0.00,0.00,0.00,0.00
12/09/2021,41.00,41.00,41.00,38.00,36.00,27.00,26.00,26.00,26.00,24.00,0.00,0.00,0.00,0.00
13/09/2021,42.00,40.00,40.00,37.00,35.00,25.00,25.00,26.00,26.00,25.00,0.00,0.00,0.00,0.00
14/09/2021,40.00,39.00,39.00,35.00,32.00,25.00,26.00,26.00,26.00,25.00,0.00,0.00,0.00,8.50
15/09/2021,41.00,39.00,39.00,35.00,32.00,24.00,26.00,26.00,26.00,25.00,0.00,0.00,0.00,1.40
16/09/2021,40.00,38.00,37.00,35.00,32.00,26.00,26.00,26.00,26.00,25.00,0.00,0.00,0.00,7.00
17/09/2021,36.00,36.00,36.00,34.00,33.00,26.00,26.00,27.00,26.00,25.00,0.00,0.00,0.00,1.64
18/09/2021,37.00,37.00,38.00,35.00,35.00,25.00,27.00,27.00,27.00,26.00,0.00,0.00,0.00,0.00
19/09/2021,38.00,38.00,38.00,34.00,33.00,25.00,27.00,27.00,27.00,26.00,0.00,0.40,4.00,10.00
20/09/2021,38.00,36.00,34.00,32.00,31.00,23.00,26.00,27.00,26.00,24.00,0.00,1.00,3.00,9.00
21/09/2021,40.00,38.00,36.00,35.00,34.00,24.00,26.00,26.00,25.00,24.00,0.00,0.00,0.00,0.00
22/09/2021,40.00,39.00,40.00,39.00,38.00,24.00,27.00,27.00,27.00,24.00,0.00,0.00,0.00,0.00
23/09/2021,36.00,35.00,38.00,37.00,36.00,26.00,27.00,26.00,26.00,25.00,0.00,0.00,0.00,2.00
24/09/2021,34.00,34.00,36.00,35.00,36.00,23.00,25.00,25.00,26.00,24.00,0.00,0.00,0.00,0.00
25/09/2021,34.00,34.00,38.00,37.00,37.00,24.00,24.00,25.00,26.00,24.00,0.00,0.00,0.00,5.00
26/09/2021,33.00,35.00,38.00,38.00,34.00,23.00,22.00,24.00,25.00,24.00,0.00,0.00,0.00,3.50
27/09/2021,34.00,35.00,36.00,36.00,34.00,22.00,21.00,23.00,25.00,24.00,0.00,0.00,0.00,0.00
28/09/2021,33.00,34.00,35.00,35.00,34.00,22.00,21.00,23.00,24.00,23.00,0.00,0.00,0.00,0.00
29/09/2021,32.00,34.00,34.00,34.00,34.00,21.00,20.00,22.00,23.00,23.00,0.00,0.00,0.00,0.00
30/09/2021,33.00,33.00,35.00,35.00,35.00,21.00,21.00,22.00,23.00,22.00,0.00,0.00,0.00,0.00
01/10/2021,35.00,35.00,36.00,36.00,36.00,19.00,22.00,22.00,23.00,23.00,0.00,0.00,0.00,0.00
02/10/2021,36.00,37.00,39.00,37.00,34.00,20.00,22.00,22.00,25.00,24.00,0.00,0.00,0.00,0.00
03/10/2021,36.00,38.00,37.00,35.00,35.00,19.00,21.00,22.00,25.00,25.00,0.00,0.00,0.00,0.00
04/10/2021,36.00,38.00,39.00,37.00,37.00,21.00,23.00,24.00,25.00,24.00,0.00,0.00,0.00,0.00
05/10/2021,35.00,37.00,39.00,39.00,37.00,21.00,24.00,24.00,25.00,24.00,0.00,0.00,0.00,0.00
06/10/2021,35.00,37.00,40.00,39.00,38.00,18.00,22.00,24.00,25.00,24.00,0.00,0.00,0.00,0.00
07/10/2021,34.00,37.00,40.00,39.00,38.00,19.00,21.00,23.00,24.00,25.00,0.00,0.00,0.00,0.00
08/10/2021,36.00,39.00,42.00,41.00,39.00,19.00,21.00,23.00,25.00,24.00,0.00,0.00,0.00,0.00
09/10/2021,,,,,,,,,,,,,,
10/10/2021,32.00,35.00,38.00,37.00,37.00,14.00,19.00,22.00,24.00,25.00,0.00,0.00,0.00,0.00
11/10/2021,32.00,33.00,35.00,36.00,36.00,14.00,15.00,19.00,22.00,24.00,0.00,0.91,0.90,1.69
12/10/2021,25.00,30.00,35.00,31.00,29.00,15.00,18.00,23.00,24.00,24.00,0.00,0.00,12.18,22.69
13/10/2021,28.00,30.00,34.00,33.00,28.00,8.00,15.00,22.00,23.00,23.00,0.00,0.00,0.00,15.20
14/10/2021,30.00,31.00,34.00,33.00,33.00,10.00,12.00,18.00,22.00,23.00,0.00,0.00,0.00,0.00
15/10/2021,34.00,35.00,37.00,35.00,35.00,11.00,16.00,19.00,22.00,21.00,0.00,0.00,0.00,0.00
16/10/2021,36.00,37.00,38.00,34.00,35.00,15.00,17.00,18.00,22.00,21.00,0.00,0.00,0.00,0.00
17/10/2021,33.00,34.00,36.00,34.00,35.00,15.00,18.00,22.00,23.00,23.00,0.00,0.00,0.00,0.00
18/10/2021,29.00,32.00,33.00,32.00,34.00,16.00,15.00,18.00,20.00,22.00,0.00,0.00,0.00,0.00
19/10/2021,29.00,31.00,34.00,32.00,35.00,13.00,16.00,17.00,20.00,21.00,0.00,0.00,0.00,0.00
20/10/2021,31.00,33.00,34.00,34.00,36.00,12.00,15.00,18.00,21.00,21.00,0.00,0.00,0.00,0.00
21/10/2021,34.00,37.00,39.00,36.00,36.00,13.00,17.00,18.00,21.00,22.00,0.00,0.00,0.00,0.00
22/10/2021,34.00,36.00,39.00,37.00,36.00,14.00,18.00,19.00,21.00,22.00,0.00,0.00,0.00,0.00
23/10/2021,33.00,34.00,36.00,34.00,35.00,15.00,18.00,18.00,21.00,22.00,0.00,0.00,0.00,0.00
24/10/2021,33.00,33.00,34.00,33.00,35.00,16.00,16.00,21.00,23.00,22.00,0.00,0.00,0.00,0.00
25/10/2021,33.00,34.00,36.00,34.00,35.00,16.00,18.00,20.00,21.00,21.00,0.00,0.00,0.00,0.00
26/10/2021,28.00,30.00,33.00,32.00,34.00,16.00,18.00,20.00,20.00,21.00,0.00,0.00,0.00,0.00
27/10/2021,31.00,33.00,35.00,33.00,34.00,10.00,14.00,18.00,19.00,22.00,0.00,0.00,0.00,0.00
28/10/2021,33.00,35.00,36.00,34.00,36.00,11.00,15.00,15.00,19.00,20.00,0.00,0.00,0.00,0.00
29/10/2021,35.00,36.00,36.00,35.00,35.00,14.00,15.00,16.00,19.00,20.00,0.00,0.00,0.00,0.00
30/10/2021,34.00,34.00,35.00,33.00,34.00,14.00,14.00,17.00,19.00,21.00,0.00,0.00,0.00,0.00
31/10/2021,33.00,34.00,35.00,33.00,35.00,14.00,14.00,16.00,19.00,21.00,0.00,0.00,0.00,0.00
01/11/2021,32.00,34.00,36.00,34.00,36.00,16.00,15.00,16.00,18.00,19.00,0.00,0.00,0.00,0.00
02/11/2021,33.00,34.00,37.00,35.00,36.00,14.00,14.00,15.00,19.00,19.00,0.00,0.00,0.00,0.00
03/11/2021,32.00,35.00,36.00,35.00,36.00,15.00,14.00,15.00,18.00,18.00,0.00,0.00,0.00,0.00
04/11/2021,33.00,36.00,36.00,35.00,36.00,16.00,16.00,15.00,16.00,18.00,0.00,0.00,0.00,0.00
05/11/2021,35.00,36.00,36.00,35.00,36.00,15.00,16.00,15.00,18.00,19.00,0.00,0.00,0.00,0.00
06/11/2021,35.00,35.00,36.00,35.00,35.00,18.00,15.00,15.00,18.00,19.00,0.00,0.00,0.00,0.00
07/11/2021,34.00,35.00,36.00,36.00,37.00,14.00,15.00,16.00,19.00,19.00,0.00,0.00,0.00,0.00
08/11/2021,33.00,33.00,35.00,36.00,37.00,15.00,16.00,15.00,16.00,18.00,0.00,0.00,0.00,0.00
09/11/2021,31.00,34.00,36.00,35.00,37.00,12.00,14.00,17.00,20.00,17.00,0.00,0.00,0.00,0.00
10/11/2021,32.00,35.00,36.00,34.00,35.00,11.00,13.00,14.00,17.00,16.00,0.00,0.00,0.00,0.00
11/11/2021,34.00,35.00,35.00,34.00,34.00,11.00,14.00,14.00,16.00,17.00,0.00,0.00,0.00,0.00
12/11/2021,34.00,35.00,35.00,34.00,34.00,12.00,15.00,14.00,16.00,19.00,0.00,0.00,0.00,0.00
13/11/2021,34.00,35.00,36.00,34.00,36.00,14.00,15.00,15.00,17.00,19.00,0.00,0.00,0.00,0.00
14/11/2021,35.00,36.00,38.00,36.00,36.00,12.00,15.00,16.00,18.00,18.00,0.00,0.00,0.00,0.00
15/11/2021,35.00,36.00,38.00,37.00,37.00,13.00,15.00,17.00,17.00,18.00,0.00,0.00,0.00,0.00
16/11/2021,32.00,33.00,36.00,36.00,36.00,12.00,12.00,16.00,18.00,18.00,0.00,0.00,0.00,0.00
17/11/2021,29.00,31.00,33.00,34.00,35.00,13.00,13.00,12.00,15.00,17.00,0.00,0.00,0.00,0.00
18/11/2021,32.00,33.00,34.00,33.00,35.00,11.00,14.00,12.00,15.00,15.00,0.00,0.00,0.00,0.00
19/11/2021,31.00,33.00,34.00,33.00,35.00,12.00,14.00,13.00,14.00,15.00,0.00,0.00,0.00,0.00
20/11/2021,30.00,32.00,34.00,32.00,35.00,12.00,13.00,14.00,15.00,15.00,0.00,0.00,0.00,0.00
21/11/2021,30.00,32.00,33.00,32.00,34.00,15.00,18.00,15.00,15.00,15.00,0.00,0.00,0.00,0.00
22/11/2021,32.00,33.00,33.00,31.00,35.00,16.00,16.00,17.00,16.00,15.00,0.00,0.00,0.00,0.00
23/11/2021,27.00,29.00,30.00,32.00,35.00,16.00,15.00,18.00,17.00,15.00,0.00,0.00,0.00,0.00
24/11/2021,25.00,29.00,30.00,29.00,33.00,13.00,15.00,16.00,15.00,15.00,0.00,0.00,0.00,0.00
25/11/2021,26.00,29.00,31.00,31.00,33.00,12.00,16.00,16.00,18.00,18.00,0.00,0.00,0.00,0.00
26/11/2021,27.00,23.00,23.00,22.00,27.00,11.00,13.00,14.00,15.00,18.00,1.50,2.00,1.50,2.00
27/11/2021,27.00,26.00,28.00,29.00,27.00,10.00,13.00,14.00,17.00,17.00,0.00,0.00,0.00,0.00
28/11/2021,30.00,30.00,31.00,31.00,32.00,9.00,13.00,14.00,17.00,18.00,0.00,0.00,0.00,0.00
29/11/2021,31.00,31.00,32.00,32.00,35.00,11.00,14.00,15.00,19.00,18.00,0.00,0.00,0.00,0.00
30/11/2021,30.00,31.00,32.00,31.00,33.00,11.00,13.00,14.00,19.00,18.00,0.00,0.00,0.00,0.00
01/12/2021,31.00,31.00,32.00,33.00,34.00,13.00,14.00,14.00,17.00,20.00,0.00,0.00,0.00,0.00
02/12/2021,30.00,31.00,33.00,34.00,36.00,13.00,13.00,14.00,19.00,17.00,0.00,0.00,0.00,0.00
03/12/2021,29.00,30.00,32.00,33.00,37.00,11.00,11.00,13.00,18.00,16.00,0.00,0.00,0.00,0.00
04/12/2021,27.00,29.00,32.00,31.00,36.00,10.00,12.00,13.00,17.00,16.00,0.00,0.00,0.00,0.00
05/12/2021,29.00,29.00,30.00,30.00,30.00,9.00,10.00,12.00,17.00,16.00,0.00,0.00,0.00,0.00
06/12/2021,29.00,30.00,31.00,31.00,32.00,9.00,11.00,11.00,13.00,16.00,0.00,0.00,0.00,0.00
07/12/2021,28.00,28.00,30.00,30.00,33.00,11.00,12.00,10.00,12.00,14.00,0.00,0.00,0.00,0.00
08/12/2021,25.00,28.00,29.00,30.00,34.00,10.00,11.00,13.00,11.00,13.00,0.00,0.00,0.00,0.00
09/12/2021,24.00,24.00,27.00,31.00,34.00,11.00,12.00,13.00,13.00,13.00,7.50,0.00,0.00,0.00
10/12/2021,21.00,22.00,26.00,27.00,33.00,14.00,15.00,17.00,17.00,14.00,0.00,0.00,0.00,0.00
11/12/2021,23.00,26.00,28.00,28.00,32.00,7.00,11.00,12.00,14.00,13.00,0.00,0.00,0.00,0.00
12/12/2021,25.00,27.00,29.00,29.00,32.00,7.00,10.00,11.00,14.00,13.00,0.00,0.00,0.00,0.00
13/12/2021,26.00,27.00,29.00,30.00,33.00,9.00,10.00,11.00,13.00,15.00,0.00,0.00,0.00,0.00
14/12/2021,23.00,29.00,32.00,32.00,34.00,13.00,14.00,14.00,16.00,15.00,0.00,0.00,0.00,0.00
15/12/2021,21.00,25.00,30.00,30.00,34.00,13.00,11.00,15.00,17.00,14.00,0.00,0.00,0.00,0.00
16/12/2021,21.00,25.00,27.00,26.00,32.00,6.00,9.00,12.00,17.00,14.00,0.00,0.00,0.00,0.00
17/12/2021,22.00,25.00,26.00,26.00,29.00,5.00,9.00,14.00,16.00,15.00,0.00,0.00,0.00,0.00
18/12/2021,21.00,23.00,26.00,26.00,31.00,5.00,9.00,9.00,13.00,15.00,0.00,0.00,0.00,0.00
19/12/2021,24.00,26.00,26.00,27.00,30.00,7.00,10.00,9.00,10.00,12.00,0.00,0.00,0.00,0.00
20/12/2021,25.00,28.00,30.00,30.00,31.00,9.00,9.00,8.00,10.00,10.00,0.00,0.00,0.00,0.00
21/12/2021,25.00,28.00,30.00,29.00,32.00,10.00,11.00,10.00,11.00,11.00,0.00,0.00,0.00,0.00
22/12/2021,25.00,28.00,30.00,30.00,32.00,12.00,13.00,12.00,11.00,12.00,0.00,0.00,0.00,0.00
23/12/2021,27.00,30.00,32.00,31.00,32.00,16.00,14.00,14.00,12.00,13.00,0.00,0.00,0.00,0.00
24/12/2021,24.00,29.00,32.00,30.00,32.00,15.00,13.00,12.00,11.00,12.00,0.00,0.00,0.00,0.00
25/12/2021,22.00,27.00,31.00,31.00,32.00,12.00,13.00,13.00,10.00,11.00,0.00,0.00,0.00,0.00
26/12/2021,20.00,25.00,31.00,29.00,32.00,12.00,11.00,12.00,12.00,12.00,0.00,0.00,0.00,0.00
27/12/2021,18.00,21.00,28.00,29.00,30.00,7.00,11.00,12.00,12.00,13.00,1.00,0.00,0.00,0.00
28/12/2021,18.00,20.00,24.00,25.00,29.00,6.00,8.00,13.00,13.00,13.00,0.00,0.00,0.00,0.00
29/12/2021,19.00,21.00,25.00,23.00,26.00,10.00,7.00,10.00,16.00,17.00,0.00,0.00,0.00,0.00
30/12/2021,17.00,18.00,26.00,27.00,30.00,13.00,14.00,17.00,17.00,16.00,23.00,9.50,1.00,0.00
31/12/2021,17.00,20.00,22.00,22.00,27.00,12.00,12.00,11.00,11.00,17.00,22.00,15.00,15.00,18.00
01/01/2022,17.00,19.00,23.00,24.00,27.00,2.00,7.00,10.00,12.00,12.00,0.50,0.00,0.00,0.00
02/01/2022,17.00,22.00,25.00,25.00,30.00,3.00,7.00,8.00,11.00,10.00,0.00,0.00,0.00,0.00
03/01/2022,18.00,22.00,26.00,26.00,30.00,5.00,7.00,8.00,11.00,12.00,0.00,0.00,0.00,0.00
04/01/2022,22.00,26.00,28.00,28.00,31.00,6.00,8.00,8.00,12.00,11.00,0.00,0.00,0.00,0.00
05/01/2022,22.00,26.00,28.00,27.00,30.00,6.00,8.00,8.00,11.00,10.00,0.00,0.00,0.00,0.00
06/01/2022,23.00,26.00,27.00,26.00,29.00,6.00,9.00,8.00,9.00,11.00,0.00,0.00,0.00,0.00
07/01/2022,26.00,27.00,28.00,28.00,30.00,12.00,11.00,12.00,11.00,13.00,0.00,0.00,0.00,0.00
08/01/2022,25.00,26.00,28.00,28.00,29.00,12.00,12.00,13.00,12.00,13.00,0.00,0.00,0.00,0.00
09/01/2022,23.00,26.00,29.00,29.00,31.00,12.00,13.00,12.00,12.00,13.00,0.00,0.00,0.00,0.00
10/01/2022,26.00,29.00,31.00,30.00,34.00,9.00,12.00,14.00,15.00,12.00,0.00,0.00,0.00,0.00
11/01/2022,24.00,26.00,28.00,28.00,32.00,8.00,14.00,14.00,16.00,14.00,0.00,0.00,0.00,0.00
12/01/2022,26.00,28.00,31.00,30.00,33.00,9.00,13.00,15.00,16.00,16.00,0.00,0.00,0.00,0.00
13/01/2022,27.00,30.00,33.00,30.00,35.00,8.00,12.00,14.00,16.00,15.00,0.00,0.00,0.00,0.00
14/01/2022,27.00,31.00,34.00,30.00,33.00,12.00,13.00,14.00,17.00,15.00,0.00,0.00,0.00,0.00
15/01/2022,25.00,29.00,30.00,29.00,32.00,13.00,15.00,15.00,15.00,14.00,0.00,0.00,0.00,0.00
16/01/2022,26.00,29.00,32.00,30.00,31.00,10.00,14.00,14.00,16.00,16.00,0.00,0.00,0.00,0.00
17/01/2022,26.00,29.00,31.00,31.00,30.00,10.00,11.00,12.00,12.00,15.00,0.00,0.00,0.00,0.00
18/01/2022,24.00,27.00,31.00,31.00,32.00,11.00,12.00,13.00,14.00,14.00,0.00,0.00,0.00,0.00
19/01/2022,23.00,26.00,28.00,28.00,33.00,8.00,11.00,12.00,16.00,14.00,0.00,0.00,0.00,0.00
20/01/2022,26.00,28.00,29.00,27.00,29.00,6.00,10.00,10.00,14.00,16.00,0.00,0.00,0.00,0.00
21/01/2022,24.00,27.00,29.00,28.00,29.00,7.00,12.00,10.00,11.00,11.00,0.00,0.00,0.00,0.00
22/01/2022,22.00,25.00,27.00,26.00,29.00,6.00,9.00,9.00,10.00,10.00,0.00,0.00,0.00,0.00
23/01/2022,22.00,23.00,25.00,25.00,28.00,5.00,8.00,10.00,10.00,12.00,0.00,0.00,0.00,0.00
24/01/2022,24.00,26.00,27.00,26.00,27.00,6.00,8.00,8.00,9.00,12.00,0.00,0.00,0.00,0.00
25/01/2022,25.00,26.00,28.00,27.00,29.00,6.00,8.00,7.00,8.00,9.00,0.00,0.00,0.00,0.00
26/01/2022,23.00,26.00,29.00,28.00,28.00,6.00,8.00,9.00,9.00,11.00,0.00,0.00,0.00,0.00
27/01/2022,24.00,26.00,28.00,27.00,30.00,5.00,11.00,9.00,11.00,11.00,0.00,0.00,0.00,0.00
28/01/2022,26.00,29.00,30.00,28.00,32.00,6.00,11.00,8.00,12.00,11.00,0.00,0.00,0.00,0.00
29/01/2022,26.00,28.00,30.00,29.00,31.00,9.00,11.00,9.00,12.00,11.00,0.00,0.00,0.00,0.00
30/01/2022,23.00,26.00,28.00,28.00,32.00,5.00,8.00,8.00,10.00,11.00,0.00,0.00,0.00,0.00
31/01/2022,25.00,27.00,28.00,28.00,30.00,8.00,8.00,7.00,8.00,10.00,0.00,0.00,0.00,0.00
01/02/2022,24.00,26.00,28.00,27.00,29.00,8.00,8.00,7.00,8.00,9.00,0.00,0.00,0.00,0.00
02/02/2022,19.00,22.00,19.00,18.00,26.00,10.00,11.00,15.00,13.00,10.00,0.00,0.00,0.00,0.00
03/02/2022,18.00,19.00,21.00,23.00,26.00,-1.00,1.00,6.00,10.00,13.00,0.00,0.00,0.00,0.00
04/02/2022,23.00,25.00,27.00,27.00,29.00,3.00,5.00,4.00,9.00,9.00,0.00,0.00,0.00,0.00
05/02/2022,23.00,27.00,28.00,28.00,29.00,4.00,10.00,8.00,9.00,10.00,0.00,0.00,0.00,0.00
06/02/2022,25.00,27.00,27.00,26.00,27.00,5.00,8.00,8.00,9.00,10.00,0.00,0.00,0.00,0.00
07/02/2022,26.00,28.00,30.00,29.00,31.00,8.00,11.00,8.00,9.00,9.00,0.00,0.00,0.00,0.00
08/02/2022,26.00,28.00,29.00,29.00,31.00,6.00,10.00,9.00,9.00,11.00,0.00,0.00,0.00,0.00
09/02/2022,29.00,30.00,29.00,28.00,31.00,8.00,9.00,7.00,8.00,9.00,0.00,0.00,0.00,0.00
10/02/2022,29.00,30.00,30.00,27.00,29.00,8.00,10.00,7.00,9.00,9.00,0.00,0.00,0.00,0.00
11/02/2022,30.00,31.00,30.00,29.00,29.00,8.00,10.00,7.00,8.00,8.00,0.00,0.00,0.00,0.00
12/02/2022,32.00,33.00,32.00,30.00,32.00,9.00,10.00,7.00,8.00,10.00,0.00,0.00,0.00,0.00
13/02/2022,32.00,34.00,34.00,33.00,34.00,9.00,15.00,11.00,12.00,12.00,0.00,0.00,0.00,0.00
14/02/2022,31.00,34.00,34.00,33.00,35.00,9.00,12.00,9.00,10.00,12.00,0.00,0.00,0.00,0.00
15/02/2022,27.00,31.00,32.00,31.00,33.00,9.00,9.00,8.00,10.00,13.00,0.00,0.00,0.00,0.00
16/02/2022,18.00,21.00,24.00,27.00,30.00,10.00,9.00,12.00,15.00,13.00,0.00,0.00,0.00,0.00
17/02/2022,21.00,25.00,27.00,26.00,31.00,5.00,6.00,7.00,9.00,11.00,0.00,0.00,0.00,0.00
18/02/2022,27.00,28.00,29.00,28.00,31.00,6.00,10.00,7.00,8.00,10.00,0.00,0.00,0.00,0.00
19/02/2022,29.00,31.00,31.00,29.00,33.00,7.00,10.00,7.00,10.00,11.00,0.00,0.00,0.00,0.00
20/02/2022,27.00,29.00,30.00,29.00,31.00,8.00,11.00,12.00,14.00,15.00,0.00,0.00,0.00,0.00
21/02/2022,21.00,21.00,24.00,26.00,32.00,10.00,7.00,8.00,10.00,12.00,0.00,0.00,0.00,0.00
22/02/2022,21.00,24.00,27.00,28.00,33.00,7.00,7.00,8.00,9.00,12.00,0.00,0.00,0.00,0.00
23/02/2022,19.00,24.00,26.00,28.00,33.00,8.00,9.00,9.00,9.00,13.00,0.00,0.00,0.00,0.00
24/02/2022,21.00,24.00,27.00,25.00,33.00,3.00,7.00,7.00,12.00,11.00,0.00,0.00,0.00,0.00
25/02/2022,22.00,26.00,28.00,27.00,33.00,3.00,7.00,7.00,10.00,10.00,0.00,0.00,0.00,0.00
26/02/2022,25.00,29.00,30.00,28.00,34.00,3.00,6.00,6.00,13.00,11.00,0.00,0.00,0.00,0.00
27/02/2022,27.00,31.00,32.00,29.00,35.00,4.00,8.00,7.00,12.00,10.00,0.00,0.00,0.00,0.00
28/02/2022,30.00,32.00,32.00,31.00,33.00,9.00,10.00,8.00,11.00,10.00,0.00,0.00,0.00,0.00
01/03/2022,30.00,32.00,32.00,31.00,33.00,9.00,10.00,8.00,11.00,10.00,0.00,0.00,0.00,0.00
02/03/2022,33.00,33.00,33.00,31.00,33.00,10.00,12.00,10.00,12.00,11.00,0.00,0.00,0.00,0.00
03/03/2022,32.00,31.00,31.00,32.00,33.00,14.00,16.00,13.00,11.00,11.00,0.00,0.00,0.00,0.00
04/03/2022,22.00,27.00,31.00,33.00,35.00,10.00,11.00,12.00,12.00,12.00,0.00,0.00,0.00,0.00
05/03/2022,23.00,26.00,29.00,28.00,34.00,7.00,8.00,9.00,13.00,12.00,0.00,0.00,0.00,0.00
06/03/2022,21.00,25.00,27.00,27.00,32.00,5.00,7.00,6.00,10.00,8.00,0.00,0.00,0.00,0.00
07/03/2022,,,,,,,,,,,,,,
08/03/2022,23.00,26.00,27.00,26.00,31.00,3.00,8.00,7.00,10.00,8.00,0.00,0.00,0.00,0.00
09/03/2022,24.00,26.00,27.00,27.00,30.00,4.00,5.00,4.00,8.00,7.00,0.00,0.00,0.00,0.00
10/03/2022,24.00,26.00,27.00,27.00,30.00,7.00,6.00,5.00,6.00,8.00,0.00,0.00,0.00,0.00
11/03/2022,24.00,26.00,26.00,26.00,29.00,4.00,8.00,7.00,8.00,7.00,0.00,0.00,0.00,0.00
12/03/2022,27.00,31.00,30.00,28.00,31.00,6.00,11.00,8.00,9.00,8.00,0.00,0.00,0.00,0.00
13/03/2022,29.00,31.00,31.00,30.00,31.00,7.00,8.00,7.00,9.00,9.00,0.00,0.00,0.00,0.00
14/03/2022,31.00,33.00,34.00,33.00,34.00,9.00,10.00,8.00,8.00,11.00,0.00,0.00,0.00,0.00
15/03/2022,34.00,36.00,35.00,34.00,35.00,10.00,13.00,10.00,10.00,11.00,0.00,0.00,0.00,0.00
16/03/2022,32.00,34.00,34.00,32.00,33.00,12.00,13.00,10.00,10.00,10.00,0.00,0.00,0.00,0.00
17/03/2022,31.00,33.00,33.00,30.00,33.00,10.00,12.00,10.00,11.00,10.00,0.00,0.00,0.00,0.00
18/03/2022,31.00,33.00,33.00,31.00,33.00,10.00,11.00,10.00,10.00,10.00,0.00,0.00,0.00,0.00
19/03/2022,33.00,35.00,35.00,34.00,34.00,9.00,12.00,11.00,11.00,10.00,0.00,0.00,0.00,0.00
20/03/2022,24.00,28.00,32.00,31.00,34.00,11.00,11.00,10.00,10.00,12.00,0.00,0.00,0.00,0.00
21/03/2022,26.00,28.00,27.00,28.00,31.00,9.00,10.00,10.00,12.00,11.00,0.00,0.00,0.00,0.00
22/03/2022,30.00,31.00,30.00,30.00,32.00,7.00,8.00,8.00,10.00,9.00,0.00,0.00,0.00,0.00
23/03/2022,35.00,36.00,35.00,33.00,34.00,10.00,15.00,13.00,11.00,12.00,0.00,0.00,0.00,0.00
24/03/2022,34.00,36.00,35.00,33.00,34.00,11.00,16.00,13.00,11.00,11.00,0.00,0.00,0.00,0.00
25/03/2022,36.00,38.00,36.00,34.00,33.00,12.00,14.00,11.00,11.00,13.00,0.00,0.00,0.00,0.00
26/03/2022,36.00,37.00,35.00,33.00,33.00,15.00,16.00,12.00,11.00,12.00,0.00,0.00,0.00,0.00
27/03/2022,32.00,35.00,33.00,32.00,34.00,18.00,15.00,12.00,10.00,11.00,0.00,0.00,0.00,0.00
28/03/2022,27.00,32.00,33.00,32.00,34.00,16.00,15.00,16.00,13.00,12.00,0.00,0.00,0.00,0.00
29/03/2022,22.00,26.00,27.00,30.00,32.00,13.00,16.00,17.00,14.00,11.00,0.00,0.00,0.00,0.00
30/03/2022,28.00,30.00,31.00,29.00,32.00,9.00,11.00,11.00,14.00,11.00,0.00,0.00,0.00,0.00
31/03/2022,31.00,32.00,33.00,32.00,34.00,11.00,13.00,11.00,11.00,11.00,0.00,0.00,0.00,0.00
01/04/2022,31.00,32.00,31.00,30.00,32.00,12.00,13.00,12.00,12.00,11.00,0.00,0.00,0.00,0.00
02/04/2022,32.00,33.00,32.00,30.00,31.00,13.00,13.00,12.00,13.00,13.00,0.00,0.00,0.00,0.00
03/04/2022,30.00,31.00,32.00,31.00,32.00,13.00,14.00,14.00,15.00,14.00,0.00,0.00,0.00,0.00
04/04/2022,30.00,31.00,30.00,28.00,30.00,11.00,12.00,13.00,15.00,14.00,0.00,0.00,0.00,0.00
05/04/2022,34.00,34.00,33.00,29.00,31.00,13.00,14.00,12.00,12.00,15.00,0.00,0.00,0.00,0.00
06/04/2022,36.00,37.00,36.00,33.00,33.00,16.00,16.00,15.00,14.00,14.00,0.00,0.00,0.00,0.00
07/04/2022,39.00,41.00,40.00,35.00,35.00,16.00,18.00,15.00,16.00,15.00,0.00,0.00,0.00,0.00
08/04/2022,39.00,38.00,34.00,31.00,33.00,17.00,20.00,18.00,17.00,17.00,0.00,0.00,0.00,0.00
09/04/2022,37.00,36.00,33.00,32.00,33.00,16.00,18.00,18.00,18.00,17.00,0.00,0.00,0.00,0.00
10/04/2022,31.00,34.00,30.00,29.00,31.00,17.00,17.00,17.00,18.00,16.00,0.00,0.00,0.00,0.00
11/04/2022,29.00,33.00,31.00,30.00,31.00,16.00,15.00,17.00,18.00,16.00,0.00,0.00,0.00,0.00
12/04/2022,26.00,30.00,31.00,30.00,33.00,10.00,13.00,13.00,14.00,13.00,0.00,0.00,0.00,0.00
13/04/2022,,,,,,,,,,,,,,
14/04/2022,,,,,,,,,,,,,,
15/04/2022,33.00,35.00,35.00,34.00,37.00,13.00,14.00,13.00,15.00,15.00,0.00,0.00,0.00,0.00
16/04/2022,34.00,36.00,36.00,36.00,38.00,17.00,16.00,15.00,15.00,15.00,0.00,0.00,0.00,0.00
17/04/2022,36.00,40.00,40.00,37.00,40.00,13.00,16.00,16.00,17.00,16.00,0.00,0.00,0.00,0.00
18/04/2022,39.00,42.00,41.00,37.00,35.00,14.00,17.00,16.00,17.00,17.00,0.00,0.00,0.00,0.00
19/04/2022,39.00,40.00,35.00,33.00,34.00,18.00,18.00,18.00,18.00,17.00,0.00,0.00,0.00,0.00
20/04/2022,35.00,38.00,34.00,32.00,34.00,16.00,19.00,17.00,17.00,17.00,0.00,0.00,0.00,0.00
21/04/2022,35.00,37.00,36.00,33.00,34.00,17.00,17.00,15.00,17.00,16.00,0.00,0.00,0.00,0.00
22/04/2022,29.00,34.00,34.00,32.00,33.00,16.00,17.00,16.00,18.00,16.00,0.00,0.00,0.00,0.00
23/04/2022,30.00,32.00,33.00,32.00,34.00,10.00,14.00,15.00,18.00,17.00,0.00,0.00,0.00,0.00
24/04/2022,32.00,34.00,34.00,33.00,34.00,15.00,16.00,13.00,14.00,14.00,0.00,0.00,0.00,0.00
25/04/2022,36.00,38.00,36.00,34.00,36.00,12.00,15.00,13.00,15.00,15.00,0.00,0.00,0.00,0.00
26/04/2022,37.00,39.00,38.00,35.00,36.00,15.00,17.00,15.00,15.00,15.00,0.00,0.00,0.00,0.00
27/04/2022,35.00,37.00,37.00,35.00,38.00,17.00,18.00,15.00,15.00,16.00,0.00,0.00,0.00,0.00
28/04/2022,32.00,35.00,36.00,34.00,38.00,15.00,16.00,15.00,16.00,15.00,0.00,0.00,0.00,0.00
29/04/2022,,,,,,,,,,,,,,
30/04/2022,36.00,37.00,37.00,34.00,37.00,13.00,15.00,13.00,14.00,14.00,0.00,0.00,0.00,0.00
01/05/2022,36.00,36.00,34.00,32.00,35.00,16.00,17.00,17.00,17.00,16.00,0.00,0.00,0.00,0.00
02/05/2022,34.00,36.00,34.00,33.00,35.00,17.00,17.00,18.00,17.00,15.00,0.00,0.00,0.00,0.00
03/05/2022,33.00,35.00,34.00,33.00,36.00,18.00,17.00,16.00,16.00,16.00,0.00,0.00,0.00,0.00
04/05/2022,34.00,36.00,34.00,33.00,34.00,16.00,18.00,18.00,17.00,16.00,0.00,0.00,0.00,0.00
05/05/2022,37.00,38.00,37.00,34.00,36.00,15.00,17.00,17.00,16.00,17.00,0.00,0.00,0.00,0.00
06/05/2022,39.00,40.00,39.00,36.00,37.00,16.00,18.00,16.00,17.00,17.00,0.00,0.00,0.00,0.00
07/05/2022,39.00,39.00,38.00,36.00,35.00,18.00,18.00,18.00,17.00,18.00,0.00,0.00,0.00,0.00
08/05/2022,34.00,36.00,36.00,35.00,37.00,19.00,18.00,18.00,19.00,18.00,0.00,0.00,0.00,0.00
09/05/2022,33.00,36.00,35.00,35.00,38.00,16.00,17.00,18.00,19.00,18.00,0.00,0.00,0.00,0.00
10/05/2022,34.00,38.00,39.00,37.00,38.00,15.00,17.00,18.00,20.00,19.00,0.00,0.00,0.00,0.00
11/05/2022,33.00,38.00,39.00,38.00,38.00,15.00,18.00,18.00,21.00,20.00,0.00,0.00,0.00,0.00
12/05/2022,35.00,39.00,39.00,37.00,39.00,13.00,19.00,18.00,22.00,21.00,0.00,0.00,0.00,0.00
13/05/2022,,,,,,,,,,,,,,
14/05/2022,41.00,42.00,41.00,36.00,35.00,16.00,17.80,16.70,18.90,19.00,0.00,0.00,0.00,0.00
15/05/2022,41.00,40.00,38.00,34.00,35.00,18.00,19.00,19.00,19.00,19.00,0.00,0.00,0.00,0.00
16/05/2022,,,,,,,,,,,,,,
17/05/2022,,,,,,,,,,,,,,
18/05/2022,,,,,,,,,,,,,,
19/05/2022,,,,,,,,,,,,,,
20/05/2022,,,,,,,,,,,,,,
21/05/2022,,,,,,,,,,,,,,
22/05/2022,37.00,38.00,35.60,34.00,36.00,19.00,20.00,17.80,18.00,17.00,0.00,0.00,0.00,0.00
23/05/2022,,,,,,,,,,,,,,
24/05/2022,,,,,,,,,,,,,,
25/05/2022,,,,,,,,,,,,,,
26/05/2022,,,,,,,,,,,,,,
27/05/2022,,,,,,,,,,,,,,
28/05/2022,,,,,,,,,,,,,,
29/05/2022,34.00,36.00,37.00,35.00,36.00,17.00,19.00,21.00,22.00,22.00,0.00,0.00,0.00,0.00
30/05/2022,36.00,36.00,35.00,33.00,35.00,17.00,19.40,22.00,23.00,21.00,0.00,0.00,0.00,0.00
31/05/2022,38.00,38.00,38.00,35.00,36.00,18.00,19.00,19.00,20.00,21.00,0.00,0.00,0.00,0.00
01/06/2022,38.00,39.00,38.00,34.00,35.00,19.00,19.00,19.00,21.00,22.00,0.00,0.00,0.00,0.00
02/06/2022,40.00,40.00,35.60,33.00,34.00,19.00,20.00,21.00,22.00,23.00,0.00,0.00,0.00,0.00
03/06/2022,40.00,40.00,37.00,33.00,33.00,20.00,22.00,22.00,23.00,22.00,0.00,0.00,0.00,0.00
04/06/2022,39.00,40.00,37.00,34.00,34.00,21.00,23.00,24.00,23.00,22.00,0.00,0.00,0.00,0.00
05/06/2022,39.00,39.00,38.00,34.00,35.00,20.00,21.00,23.00,23.00,22.00,0.00,0.00,0.00,0.00
06/06/2022,,,,,,,,,,,,,,
07/06/2022,42.00,41.00,36.00,34.00,34.00,23.00,23.00,22.00,23.00,23.00,0.00,0.00,0.00,0.00
08/06/2022,42.00,40.00,37.00,33.00,34.00,24.00,24.00,22.00,23.00,23.00,0.00,0.00,0.00,0.00
09/06/2022,43.00,41.00,36.00,33.00,33.00,26.00,25.00,24.00,24.00,23.00,0.00,0.00,0.00,0.00
10/06/2022,43.00,41.00,37.00,34.00,36.00,26.00,26.00,25.00,24.00,23.00,0.00,0.00,0.00,0.00
11/06/2022,44.00,42.00,39.00,36.00,36.00,26.00,27.00,26.00,24.00,23.00,0.00,0.00,0.00,0.00
12/06/2022,43.00,42.00,38.30,36.00,36.00,26.00,27.00,26.00,25.00,23.00,0.00,0.00,0.00,0.00
13/06/2022,,,,,,,,,,,,,,
14/06/2022,39.00,41.00,38.00,36.00,36.00,24.40,26.10,26.00,25.00,24.40,0.00,0.00,0.00,0.00
15/06/2022,42.00,44.00,41.00,37.00,38.00,22.00,24.00,24.00,24.00,24.00,0.00,0.00,0.00,0.00
16/06/2022,45.00,45.00,41.00,37.00,38.00,24.00,26.00,26.00,26.00,25.00,0.00,0.00,0.00,0.00
17/06/2022,,,,,,,,,,,,,,
18/06/2022,,,,,,,,,,,,,,
19/06/2022,38.00,40.00,38.00,35.00,37.00,25.00,27.00,27.00,26.00,25.00,0.00,0.00,0.00,0.00
20/06/2022,41.00,40.00,39.00,37.00,37.00,23.00,27.00,27.00,26.00,25.00,0.00,0.00,0.00,0.00
21/06/2022,38.00,40.00,41.00,37.00,38.00,26.00,28.00,27.00,26.00,26.00,0.00,0.00,0.00,0.00
22/06/2022,43.00,44.00,43.00,39.00,39.00,26.00,28.00,28.00,27.00,26.00,0.00,0.00,0.00,2.54
23/06/2022,42.00,43.00,39.00,37.00,37.00,27.00,31.00,29.00,28.00,26.00,0.00,0.00,0.00,1.81
24/06/2022,41.00,41.00,40.00,37.00,38.00,28.00,29.00,28.00,27.00,25.00,0.00,0.00,0.00,6.19
25/06/2022,41.00,40.00,38.00,34.00,34.40,28.00,29.00,28.00,27.00,25.60,4.06,1.27,1.78,4.60
26/06/2022,39.00,38.00,36.00,35.00,34.00,28.00,28.00,27.00,26.00,24.00,0.00,3.05,0.00,0.76
27/06/2022,39.00,39.00,38.00,37.00,37.00,27.00,27.00,26.00,26.00,25.00,0.00,0.00,0.00,0.00
28/06/2022,40.00,41.00,41.00,39.00,38.00,27.00,28.00,27.00,27.00,26.00,0.00,0.00,0.00,0.00
29/06/2022,41.00,42.00,41.00,38.00,36.00,29.00,29.00,28.00,27.00,26.00,0.00,0.00,0.00,4.06
30/06/2022,40.00,39.00,38.00,36.00,34.00,28.00,28.00,28.00,27.00,25.00,0.00,0.00,0.00,0.00
01/07/2022,41.00,40.00,39.00,37.00,37.00,28.00,28.00,28.00,27.00,26.00,0.00,0.00,0.00,2.29
02/07/2022,41.00,38.00,38.00,36.00,36.00,28.00,28.00,28.00,27.00,26.00,0.00,0.00,0.00,1.52
03/07/2022,40.00,39.00,37.00,34.00,35.00,28.00,29.00,27.00,26.00,25.00,0.00,2.03,0.00,0.00
04/07/2022,40.00,37.00,36.00,34.00,36.00,27.00,29.00,27.00,27.00,25.00,0.00,5.00,1.52,0.00
05/07/2022,41.00,40.00,40.00,37.00,35.00,24.00,26.00,25.00,25.00,26.00,0.00,0.00,0.00,1.02
06/07/2022,41.00,40.00,38.00,36.00,35.00,23.00,25.00,27.00,27.00,26.00,0.00,0.00,0.00,0.00
07/07/2022,42.00,41.10,38.90,38.00,36.10,25.00,26.70,27.80,27.00,26.10,0.00,0.00,0.00,0.00
08/07/2022,43.00,43.00,42.00,38.00,38.00,26.00,28.00,28.00,28.00,26.00,0.00,0.00,0.00,0.00
09/07/2022,43.00,43.00,41.00,38.00,38.00,29.00,28.00,28.00,28.00,27.00,0.00,0.00,0.00,0.00
10/07/2022,45.00,44.00,42.00,38.00,38.00,28.00,29.00,28.00,28.00,26.00,0.00,0.00,0.00,0.00
11/07/2022,44.00,43.00,40.00,37.00,36.00,29.00,30.00,29.00,28.00,26.00,0.00,0.00,0.00,0.00
12/07/2022,42.00,41.00,39.00,37.00,37.00,30.00,29.00,28.00,27.00,26.00,0.00,0.00,0.00,0.00
13/07/2022,42.00,42.00,40.00,37.00,37.00,30.00,29.00,28.00,27.00,26.00,0.00,0.00,0.00,0.00
14/07/2022,42.00,42.00,40.00,37.00,37.00,29.00,30.00,28.90,28.00,26.70,0.00,0.00,0.00,0.00
15/07/2022,43.00,40.00,40.00,36.00,35.00,29.00,29.00,28.00,27.00,27.00,0.00,0.08,0.00,1.25
16/07/2022,43.00,39.00,39.00,36.00,36.00,29.00,29.00,28.00,27.00,26.00,0.00,0.00,0.00,1.36
17/07/2022,41.00,40.00,38.00,37.00,36.00,28.00,29.00,28.00,27.00,26.00,0.00,0.00,0.00,3.30
18/07/2022,41.00,41.00,37.80,37.00,35.00,30.00,29.00,28.90,27.00,25.60,0.00,0.80,6.60,10.20
19/07/2022,42.00,40.00,37.00,36.00,36.00,29.00,28.00,27.00,26.00,26.00,2.03,0.00,0.00,2.79
20/07/2022,41.00,40.00,39.00,38.00,39.00,28.00,27.00,27.00,27.00,26.00,0.00,0.00,0.00,0.00
21/07/2022,43.00,43.00,43.00,40.00,41.00,29.00,28.00,28.00,28.00,27.00,0.00,0.00,0.00,0.00
22/07/2022,44.00,44.00,41.10,39.00,35.60,30.00,31.00,29.40,28.00,26.70,0.51,0.60,3.81,18.10
23/07/2022,41.00,40.00,36.00,34.00,34.00,30.00,29.00,28.00,27.00,26.00,2.40,0.00,4.39,8.32
24/07/2022,38.00,38.00,37.00,34.00,35.00,29.00,28.00,28.00,27.00,25.00,0.00,0.00,0.00,4.06
25/07/2022,38.00,38.00,37.00,36.00,36.00,29.00,28.00,27.00,27.00,25.00,1.27,0.51,0.00,2.54
26/07/2022,38.00,37.00,37.00,36.00,35.00,28.00,27.00,27.00,26.00,25.00,1.78,0.00,0.00,12.45
27/07/2022,38.00,37.00,37.00,36.00,34.00,28.00,27.00,26.00,26.00,24.00,2.54,1.78,1.02,6.60
28/07/2022,38.00,36.00,35.00,33.00,33.00,28.00,27.00,27.00,26.00,24.00,2.03,5.84,6.35,14.99
29/07/2022,36.00,35.00,35.00,34.00,33.00,28.00,26.00,26.00,25.00,24.00,2.03,9.88,1.80,9.87
30/07/2022,37.00,36.00,35.00,34.00,34.00,27.00,26.00,25.00,26.00,24.00,10.40,5.58,1.87,7.03
31/07/2022,36.00,34.00,35.00,35.00,35.00,27.00,26.00,25.00,25.00,24.00,0.00,0.00,0.00,1.16
01/08/2022,38.00,37.00,38.00,36.00,37.00,27.00,26.00,26.00,26.00,24.00,0.00,3.13,0.00,2.33
02/08/2022,39.00,39.00,38.00,37.00,36.00,27.00,27.00,26.00,26.00,24.00,0.79,1.32,0.00,1.65
03/08/2022,40.00,38.00,38.00,37.00,37.00,28.00,26.00,26.00,26.00,25.00,0.00,0.00,0.00,0.70
04/08/2022,38.00,38.00,38.00,37.00,37.00,27.00,27.00,26.00,26.00,25.00,0.00,0.00,0.00,3.94
05/08/2022,41.00,41.00,39.00,37.00,36.00,28.00,28.00,27.00,27.00,24.00,5.91,8.53,2.09,7.14
06/08/2022,41.00,39.00,35.00,33.00,34.00,28.00,28.00,26.00,26.00,24.00,4.78,0.00,5.63,13.99
07/08/2022,38.00,36.00,34.00,34.00,34.00,27.00,27.00,26.00,25.00,24.00,10.67,0.76,0.00,4.32
08/08/2022,37.00,37.00,37.80,37.00,37.00,27.00,26.00,26.10,26.00,24.00,0.00,0.00,0.00,5.08
09/08/2022,38.00,38.00,36.70,36.00,33.30,27.00,27.00,26.70,26.00,23.90,0.51,2.00,0.00,8.60
10/08/2022,38.00,38.00,38.00,36.00,35.00,27.00,26.00,25.00,26.00,24.00,0.00,0.00,0.00,5.33
11/08/2022,39.00,38.00,37.00,37.00,37.00,27.00,26.00,26.00,26.00,24.00,0.00,0.00,3.05,7.37
12/08/2022,38.00,38.00,38.00,36.00,36.00,28.00,27.00,26.00,26.00,24.00,0.00,0.00,0.00,0.00
13/08/2022,39.00,38.00,37.00,35.00,34.00,27.00,27.00,28.00,25.00,24.00,1.25,5.25,3.90,17.87
14/08/2022,39.00,36.00,36.00,34.00,34.00,27.00,27.00,25.00,26.00,24.00,0.00,0.00,1.04,15.60
15/08/2022,39.00,37.00,36.00,34.00,33.00,28.00,27.00,26.00,25.00,23.00,0.00,4.17,9.70,15.51
16/08/2022,39.00,36.00,34.00,33.00,32.00,27.00,27.00,25.00,25.00,24.00,2.45,19.01,5.49,12.98
17/08/2022,39.00,32.00,32.00,31.00,30.00,27.00,26.00,25.00,25.00,24.00,26.53,21.85,8.67,14.41
18/08/2022,33.00,28.00,29.00,32.00,32.00,25.00,24.00,24.00,24.00,23.00,33.78,15.75,4.83,6.35
19/08/2022,31.00,29.00,33.00,33.00,34.00,25.00,25.00,25.00,25.00,24.00,23.79,1.88,2.42,1.12
20/08/2022,31.00,31.00,33.00,33.00,34.00,24.00,25.00,25.00,24.00,23.00,4.06,1.50,2.54,1.50
21/08/2022,,,,,,,,,,,,,,
22/08/2022,34.00,34.00,35.00,35.00,34.00,22.45,23.18,22.67,24.96,23.67,19.30,23.62,0.00,0.00
23/08/2022,,,,,,,,,,,,,,
24/08/2022,35.00,33.00,34.00,34.00,33.00,23.00,26.00,25.50,27.20,27.30,2.54,0.00,0.00,0.51
25/08/2022,36.00,34.00,36.00,36.00,34.00,26.00,26.00,26.00,26.00,24.00,1.52,0.00,0.00,0.51
26/08/2022,37.00,35.00,37.00,37.00,34.00,27.00,27.00,27.00,27.00,25.00,3.81,5.33,0.76,10.41
27/08/2022,39.00,35.00,33.00,34.00,33.00,27.00,27.00,26.00,26.00,24.00,0.00,3.30,3.56,10.16
28/08/2022,38.00,35.00,33.00,33.00,33.00,27.00,26.00,26.00,26.00,24.00,0.00,0.00,0.00,9.91
29/08/2022,39.00,36.00,35.00,33.00,33.00,27.00,27.00,26.00,26.00,24.00,0.00,0.00,3.05,6.35
30/08/2022,42.00,38.00,35.00,32.00,33.00,27.00,27.00,26.00,26.00,24.00,6.35,17.53,16.76,15.75
31/08/2022,41.00,36.00,33.00,31.00,29.00,27.00,26.00,25.00,25.00,24.00,0.00,6.35,9.40,10.16
01/09/2022,39.00,34.00,32.00,33.00,34.00,27.00,25.00,24.00,24.00,24.00,3.00,2.00,2.00,2.54
02/09/2022,38.00,35.00,35.00,34.00,34.00,27.00,26.00,26.00,26.00,24.00,0.00,0.00,0.00,1.02
03/09/2022,,,,,,,,,,,,,,
04/09/2022,,,,,,,,,,,,,,
05/09/2022,,,,,,,,,,,,,,
06/09/2022,42.00,37.00,33.00,29.00,30.00,27.00,27.00,26.00,24.00,23.00,0.00,0.00,16.76,10.16
07/09/2022,,,,,,,,,,,,,,
08/09/2022,34.00,30.00,31.00,31.00,33.00,27.00,26.00,26.00,26.00,24.00,4.32,18.03,11.68,1.27
09/09/2022,32.00,30.00,32.00,31.00,34.00,26.00,24.00,24.00,24.00,24.00,7.11,3.30,6.10,0.00
10/09/2022,34.00,34.00,35.00,34.00,34.00,24.00,24.00,24.00,24.00,24.00,0.00,0.00,0.00,0.00
11/09/2022,36.00,36.00,37.00,35.00,35.00,24.00,25.00,24.00,25.00,24.00,0.00,0.00,0.00,0.00
12/09/2022,36.00,37.00,38.00,35.00,35.00,24.00,25.00,25.00,26.00,24.00,0.00,0.00,0.00,3.91
13/09/2022,36.00,37.00,37.00,35.00,34.00,22.00,24.00,25.00,25.00,25.00,0.00,0.00,0.00,0.00
14/09/2022,36.00,37.00,38.00,36.00,35.00,21.00,24.00,24.00,25.00,24.00,0.00,0.00,0.00,0.00
15/09/2022,,,,,,,,,,,,,,
16/09/2022,39.00,41.00,40.00,37.00,36.00,21.00,23.00,24.00,25.00,25.00,0.00,0.00,0.00,3.81
17/09/2022,,,,,,,,,,,,,,
18/09/2022,,,,,,,,,,,,,,
19/09/2022,,,,,,,,,,,,,,
20/09/2022,36.00,36.00,35.00,33.00,33.00,26.00,27.00,26.00,25.00,24.00,4.53,4.78,1.00,1.95
21/09/2022,36.00,37.00,36.00,34.00,34.00,26.00,26.00,25.00,26.00,25.00,0.00,1.42,1.84,5.31
22/09/2022,38.00,39.00,38.00,36.00,34.00,26.00,25.00,26.00,26.00,25.00,0.00,0.00,0.00,0.00
23/09/2022,39.00,40.00,38.00,35.00,34.00,26.00,26.00,26.00,26.00,25.00,0.00,0.00,0.00,3.69
24/09/2022,39.00,39.00,38.00,35.00,33.00,25.00,26.00,26.00,26.00,25.00,0.00,0.00,0.00,0.20
25/09/2022,41.00,40.00,39.00,37.00,36.00,25.00,25.00,26.00,26.00,25.00,0.00,0.00,0.00,0.00
26/09/2022,41.00,42.00,41.00,38.00,37.00,26.00,26.00,26.00,26.00,25.00,0.00,0.00,0.00,0.00
27/09/2022,40.00,40.00,39.00,37.00,37.00,26.00,27.00,26.00,26.00,25.00,0.00,0.00,0.00,0.60
28/09/2022,38.00,37.00,38.00,36.00,35.00,25.00,25.00,25.00,25.00,24.00,0.00,0.00,0.00,0.00
29/09/2022,35.00,36.00,38.00,37.00,37.00,25.00,25.00,24.00,25.00,24.00,2.00,0.00,0.00,0.00
30/09/2022,33.00,35.00,38.00,37.00,36.00,23.00,24.00,23.00,24.00,24.00,0.00,0.00,0.00,0.00
01/10/2022,34.00,34.00,38.00,37.00,35.00,23.00,23.00,23.00,24.00,24.00,0.00,0.00,0.00,0.00
02/10/2022,36.00,35.00,38.00,37.00,36.00,22.00,22.00,22.00,23.00,24.00,0.00,0.00,0.00,0.00
03/10/2022,36.00,36.00,39.00,37.00,34.00,21.00,21.00,21.00,24.00,24.00,0.00,0.00,0.00,10.12
04/10/2022,36.00,35.00,36.00,34.00,33.00,21.00,21.00,23.00,24.00,23.00,0.00,0.00,0.00,5.62
05/10/2022,34.00,34.00,36.00,34.00,33.00,22.00,22.00,23.00,23.00,22.00,0.00,0.00,0.00,0.00
06/10/2022,33.00,35.00,37.00,36.00,34.00,21.00,22.00,22.00,23.00,21.00,0.00,0.00,0.00,0.00
07/10/2022,34.00,35.00,37.00,37.00,36.00,21.00,21.00,21.00,22.00,22.00,0.00,0.00,0.00,0.00
08/10/2022,32.00,34.00,37.00,37.00,36.00,20.00,21.00,22.00,24.00,22.00,0.00,0.00,0.00,0.00
09/10/2022,31.00,34.00,37.00,37.00,37.00,23.00,20.00,21.00,24.00,21.00,0.00,0.00,0.00,0.00
10/10/2022,31.00,34.00,37.00,37.00,37.00,24.00,20.00,20.00,22.00,21.00,0.00,0.00,0.00,0.00
11/10/2022,,,,,,,,,,,,,,
12/10/2022,35.00,36.00,37.00,36.00,36.00,19.00,20.00,19.00,20.00,18.00,0.00,0.00,0.00,0.00
13/10/2022,35.00,37.00,38.00,36.00,35.00,20.00,20.00,19.00,20.00,19.00,0.00,0.00,0.00,0.00
14/10/2022,32.00,36.00,35.00,33.00,34.00,22.00,21.00,21.00,22.00,21.00,0.00,0.00,0.00,0.00
15/10/2022,29.00,31.00,31.00,31.00,33.00,22.00,23.00,24.00,24.00,24.00,0.00,0.00,0.00,0.00
16/10/2022,28.00,29.00,32.00,33.00,34.00,17.00,18.00,19.00,20.00,23.00,0.00,0.00,0.00,0.00
17/10/2022,31.00,32.00,34.00,34.00,33.00,15.00,17.00,17.00,20.00,20.00,0.00,0.00,0.00,0.00
18/10/2022,34.00,35.00,35.00,34.00,34.00,18.00,18.00,17.00,20.00,21.00,0.00,0.00,0.00,0.00
19/10/2022,35.00,36.00,37.00,36.00,36.00,19.00,20.00,19.00,20.00,21.00,0.00,0.00,0.00,0.00
20/10/2022,35.00,36.00,37.00,37.00,36.00,19.00,20.00,20.00,22.00,21.00,0.00,0.00,0.00,0.00
21/10/2022,34.00,36.00,37.00,35.00,36.00,20.00,21.00,21.00,22.00,22.00,0.00,0.00,0.00,0.00
22/10/2022,32.00,33.00,35.00,34.00,35.00,20.00,21.00,22.00,22.00,22.00,0.00,0.00,0.00,0.00
23/10/2022,26.00,29.00,32.00,33.00,34.00,18.00,19.00,22.00,22.00,23.00,0.00,0.00,0.00,6.91
24/10/2022,26.00,29.00,31.00,32.00,32.00,15.00,17.00,19.00,21.00,22.00,0.00,0.00,0.00,0.00
25/10/2022,28.00,30.00,33.00,33.00,33.00,9.00,14.00,16.00,19.00,20.00,0.00,0.00,0.00,0.00
26/10/2022,30.00,30.00,32.00,33.00,33.00,11.00,13.00,15.00,18.00,19.00,0.00,0.00,0.00,0.00
27/10/2022,,,,,,,,,,,,,,
28/10/2022,,,,,,,,,,,,,,
29/10/2022,,,,,,,,,,,,,,
30/10/2022,,,,,,,,,,,,,,
31/10/2022,,,,,,,,,,,,,,
01/11/2022,,,,,,,,,,,,,,
02/11/2022,28.00,30.00,32.00,31.00,34.00,14.00,14.00,17.00,17.00,16.00,0.00,0.00,0.00,0.00
03/11/2022,20.00,25.00,29.00,30.00,34.00,13.00,15.00,19.00,18.00,16.00,0.00,0.00,0.00,0.00
